camera_name,frame_filename,in_danger_zone,percent
Php-Angc-K3-1,Php-Angc-K3-1_angc4test1776.jpg,False,0.0
Php-Angc-K3-1,Php-Angc-K3-1_angc4test1452.jpg,False,0.07862989230200744
Php-Angc-K3-1,Php-Angc-K3-1_image_angc4p20.jpg,True,0.2720410670492346
Php-Angc-K3-1,Php-Angc-K3-1_angc4test1066.jpg,True,0.1569304261092106
Php-Angc-K3-1,Php-Angc-K3-1_image_angc4p6.jpg,False,0.06661966145489716
Php-Angc-K3-1,Php-Angc-K3-1_image_angc4p6.jpg,False,0.0
Php-Angc-K3-1,Php-Angc-K3-1_image_angc4p14.jpg,False,0.0
Php-Angc-K3-1,Php-Angc-K3-1_image_angc4p10.jpg,False,0.0
Php-Angc-K3-1,Php-Angc-K3-1_image_angc4p10.jpg,False,0.0
Php-Angc-K3-1,Php-Angc-K3-1_image_angc4p10.jpg,False,0.12603223397693566
Php-Angc-K3-1,Php-Angc-K3-1_image_angc4p10.jpg,False,0.0635113678216151
Php-Angc-K3-1,Php-Angc-K3-1_image_angc4p10.jpg,False,0.0
Php-Angc-K3-1,Php-Angc-K3-1_image_angc4p10.jpg,False,0.13303183570878144
Php-Angc-K3-1,Php-Angc-K3-1_angc4test2285.jpg,False,0.07126796603618789
Php-Angc-K3-1,Php-Angc-K3-1_angc4test294.jpg,False,0.0
Php-Angc-K3-1,Php-Angc-K3-1_angc4test1844.jpg,False,0.0
Php-Angc-K3-1,Php-Angc-K3-1_angc4test2034.jpg,False,0.1418013673979631
Php-Angc-K3-1,Php-Angc-K3-1_image_angc4p12.jpg,False,0.0
Php-Angc-K3-1,Php-Angc-K3-1_image_angc4p25.jpg,False,0.0
Php-Angc-K3-1,Php-Angc-K3-1_angc4test1304.jpg,True,0.24092798661127587
Php-Angc-K3-1,Php-Angc-K3-1_angc4test349.jpg,False,0.0
Php-Angc-K3-1,Php-Angc-K3-1_angc4test999.jpg,True,0.29615775124443283
Php-Angc-K3-1,Php-Angc-K3-1_image_angc4p21.jpg,False,0.01682729419400383
Php-Angc-K3-1,Php-Angc-K3-1_angc4test2321.jpg,False,0.0
Php-Angc-K3-1,Php-Angc-K3-1_image_angc4p15.jpg,False,0.0
Php-Angc-K3-1,Php-Angc-K3-1_angc4test1394.jpg,False,0.0008900856837173038
Php-Angc-K3-1,Php-Angc-K3-1_image_angc4p1.jpg,False,0.0
Php-Angc-K3-1,Php-Angc-K3-1_angc4test142.jpg,False,0.13821494589200914
Php-Angc-K3-1,Php-Angc-K3-1_angc4test1139.jpg,True,0.2148756934982844
Php-Angc-K3-1,Php-Angc-K3-1_image_angc4p8.jpg,False,0.0
Php-Angc-K3-1,Php-Angc-K3-1_image_angc4p22.jpg,False,0.0
Php-Angc-K3-1,Php-Angc-K3-1_image_angc4p24.jpg,False,0.04854489756292326
Php-Angc-K3-1,Php-Angc-K3-1_angc4test2079.jpg,False,0.0
Php-Angc-K3-1,Php-Angc-K3-1_angc4test194.jpg,False,0.1106879244186591
Php-Angc-K3-1,Php-Angc-K3-1_angc4test1303.jpg,False,0.07513740409708676
Php-Angc-K3-1,Php-Angc-K3-1_angc4test351.jpg,False,0.04103581417174243
Php-Angc-K3-1,Php-Angc-K3-1_angc4test410.jpg,False,0.0
Php-Angc-K3-1,Php-Angc-K3-1_angc4test347.jpg,False,0.037437293203773495
Php-Angc-K3-1,Php-Angc-K3-1_angc4test288.jpg,True,0.15309548232017314
Php-Angc-K3-1,Php-Angc-K3-1_angc4test1606.jpg,False,0.0
Php-Angc-K3-1,Php-Angc-K3-1_angc4test1773.jpg,False,0.07947342852713804
Php-Angc-K3-1,Php-Angc-K3-1_angc4test397.jpg,False,0.04103987203540289
Php-Angc-K3-1,Php-Angc-K3-1_angc4test2273.jpg,False,0.0
Php-Angc-K3-1,Php-Angc-K3-1_angc4test2287.jpg,True,0.23981341736949158
Php-Angc-K3-1,Php-Angc-K3-1_image_angc4p5.jpg,False,0.0
Php-Angc-K3-1,Php-Angc-K3-1_angc4test2271.jpg,False,0.0
Php-Angc-K3-1,Php-Angc-K3-1_angc4test1083.jpg,False,0.1340564616872059
Php-Angc-K3-1,Php-Angc-K3-1_angc4test1051.jpg,False,0.0
Php-Angc-K3-1,Php-Angc-K3-1_angc4test1051.jpg,True,0.23865267530652085
Php-Angc-K3-1,Php-Angc-K3-1_angc4test1785.jpg,True,0.1563156123754941
Php-Angc-K3-1,Php-Angc-K3-1_image_angc4p2.jpg,False,0.0
Php-Angc-K3-1,Php-Angc-K3-1_angc4test1143.jpg,False,0.0687594071403377
Php-Angc-K3-1,Php-Angc-K3-1_image_angc4p18.jpg,False,0.0
Php-Angc-K3-1,Php-Angc-K3-1_image_angc4p13.jpg,False,0.0
Php-Angc-K3-1,Php-Angc-K3-1_angc4test329.jpg,False,0.0
Php-Angc-K3-1,Php-Angc-K3-1_angc4test1530.jpg,False,0.0
Php-Angc-K3-1,Php-Angc-K3-1_angc4test1777.jpg,True,0.1615079494381528
Php-Angc-K3-1,Php-Angc-K3-1_angc4test979.jpg,True,0.46200989064994713
Php-Angc-K3-1,Php-Angc-K3-1_angc4test1259.jpg,True,0.22895238180023156
Php-Angc-K3-1,Php-Angc-K3-1_angc4test1065.jpg,True,0.17093987729107604
Php-Angc-K3-1,Php-Angc-K3-1_image_angc4p9.jpg,False,0.0
Php-Angc-K3-1,Php-Angc-K3-1_image_angc4p9.jpg,False,0.0
Php-Angc-K3-1,Php-Angc-K3-1_angc4test910.jpg,True,0.45775974103871847
Php-Angc-K3-1,Php-Angc-K3-1_angc4test2270.jpg,False,0.0
Php-Angc-K3-1,Php-Angc-K3-1_angc4test60.jpg,False,0.07330650028530414
Php-Angc-K3-1,Php-Angc-K3-1_angc4test171.jpg,False,0.0006797136612461747
Php-Angc-K3-1,Php-Angc-K3-1_angc4test170.jpg,False,0.0
Php-Angc-K3-1,Php-Angc-K3-1_angc4test841.jpg,False,0.0
Php-Angc-K3-1,Php-Angc-K3-1_angc4test327.jpg,False,0.0
Php-Angc-K3-1,Php-Angc-K3-1_image_angc4p3.jpg,True,0.36935484683173847
Php-Angc-K3-1,Php-Angc-K3-1_image_angc4p3.jpg,False,0.09803832414372662
Php-Angc-K3-1,Php-Angc-K3-1_image_angc4p3.jpg,False,0.0
Php-Angc-K3-1,Php-Angc-K3-1_angc4test1030.jpg,False,0.0987542213402973
Php-Angc-K3-1,Php-Angc-K3-1_angc4test169.jpg,False,0.0
Php-Angc-K3-1,Php-Angc-K3-1_image_angc4p23.jpg,False,0.09300809035321271
Php-Angc-K3-1,Php-Angc-K3-1_angc4test1118.jpg,False,0.10333549810665893
Php-Angc-K3-1,Php-Angc-K3-1_angc4test1104.jpg,True,0.31169179157289967
Php-Angc-K3-1,Php-Angc-K3-1_angc4test311.jpg,True,0.23159457454926374
Php-Angc-K3-1,Php-Angc-K3-1_image_angc4p17.jpg,True,0.23153430045184126
Php-Angc-K3-1,Php-Angc-K3-1_angc4test2289.jpg,False,0.023235564504612515
Php-Angc-K3-1,Php-Angc-K3-1_angc4test1627.jpg,False,0.014517566109003814
Php-Angc-K3-1,Php-Angc-K3-1_angc4test2233.jpg,True,0.5079389253569592
Php-Angc-K3-1,Php-Angc-K3-1_angc4test1053.jpg,False,0.016703736164246412
Php-Angc-K3-1,Php-Angc-K3-1_angc4test1064.jpg,False,0.06637525774331104
Php-Angc-K3-1,Php-Angc-K3-1_angc4test1739.jpg,False,0.14720113844533764
Php-Angc-K3-1,Php-Angc-K3-1_image_angc4p19.jpg,False,0.13522691061966102
Php-Angc-K3-1,Php-Angc-K3-1_angc4test195.jpg,False,0.016951861994076414
Php-Ctm-K-1-12-56,256lm1_122.jpg,True,0.38282671973637206
Php-Ctm-K-1-12-56,256t2_51.jpg,False,0.0
Php-Ctm-K-1-12-56,imagec3.jpg,False,0.0
Php-Ctm-K-1-12-56,imagec3.jpg,False,0.0
Php-Ctm-K-1-12-56,256lm1_244.jpg,False,0.0
Php-Ctm-K-1-12-56,256lm1_12.jpg,False,0.0
Php-Ctm-K-1-12-56,256lm1_243.jpg,False,0.0
Php-Ctm-K-1-12-56,256nz3_4.jpg,False,0.0
Php-Ctm-K-1-12-56,256nz3_19.jpg,False,0.0
Php-Ctm-K-1-12-56,256lm1_108.jpg,True,0.374881148506012
Php-Ctm-K-1-12-56,256t1_18.jpg,False,0.0
Php-Ctm-K-1-12-56,imagec1.jpg,False,0.0
Php-Ctm-K-1-12-56,256lm1_118.jpg,True,0.3544578808720605
Php-Ctm-K-1-12-56,256t1_16.jpg,False,0.0
Php-Ctm-K-1-12-56,256t2_31.jpg,False,0.0
Php-Ctm-K-1-12-56,256t2_50.jpg,False,0.0
Php-Ctm-K-1-12-56,256t1_19.jpg,False,0.0
Php-Ctm-K-1-12-56,256nz3_6.jpg,False,0.0
Php-Ctm-K-1-12-56,imagenta34v4_11.jpg,True,0.330653226803125
Php-Ctm-K-1-12-56,imagenta34v4_11.jpg,True,0.49829671905082507
Php-Ctm-K-1-12-56,256t1_17.jpg,False,0.0
Php-Ctm-K-1-12-56,256lm1_245.jpg,False,0.0
Php-Ctm-K-1-12-56,Php-Ctm-K3_392.jpg,False,0.0
Php-Ctm-K-1-12-56,256t2_29.jpg,False,0.0
Php-Ctm-K-1-12-56,image2v.jpg,False,0.05126222322033038
Php-Ctm-K-1-12-56,256lm1_119.jpg,True,0.3579400952062402
Php-Ctm-K-1-12-56,256t2_22.jpg,False,0.0
Php-Ctm-K-1-12-56,imagec9.jpg,False,0.0
Php-Ctm-K-1-12-56,256t2_30.jpg,False,0.0
Php-Ctm-K-1-12-56,256nz3_7.jpg,False,0.0
Php-Ctm-K-1-12-56,imagenta34v4_21.jpg,True,0.20350642343581296
Php-Ctm-K-1-12-56,imagenta34v4_12.jpg,False,0.02689295439951015
Php-Ctm-K-1-12-56,imagenta34v4_12.jpg,True,0.9313196728515876
Php-Ctm-K-1-12-56,imagenta34v4_23.jpg,True,1.0
Php-Ctm-K-1-12-56,imagenta34v4_23.jpg,False,0.14290952110065755
Php-Ctm-K-1-12-56,imagenta34v4_15.jpg,True,0.2452879695484471
Php-Ctm-K-1-12-56,256lm1_123.jpg,True,0.32004958151287544
Php-Ctm-K-1-12-56,256lm1_113.jpg,True,0.3627163958307504
Php-Ctm-K-1-12-56,256lm1_8.jpg,False,0.0
Php-Ctm-K-1-12-56,imagenta34v4_6.jpg,False,0.0
Php-Ctm-K-1-12-56,256lm1_96.jpg,False,0.0
Php-Ctm-K-1-12-56,imagec32.jpg,False,0.028130628473453854
Php-Ctm-K-1-12-56,256lm1_111.jpg,True,0.3728591038415938
Php-Ctm-K-1-12-56,imagenta34v4_14.jpg,False,0.0
Php-Ctm-K-1-12-56,imagec11.jpg,False,0.0
Php-Ctm-K-1-12-56,256t1_20.jpg,False,0.0
Php-Ctm-K-1-12-56,imagec2.jpg,True,0.20288565033405345
Php-Ctm-K-1-12-56,Php-Ctmwfsdf.jpg,False,0.0
Php-Ctm-K-1-12-56,256lm1_121.jpg,True,0.37115928303386864
Php-Ctm-K-1-12-56,imagenta34v4_8.jpg,True,0.5318849912821423
Php-Ctm-K-1-12-56,256t2_23.jpg,False,0.0
Php-Ctm-K-1-12-56,Php-Ctm6.jpg,False,0.0
Php-Ctm-K-1-12-56,256lm1_112.jpg,True,0.3737633366724396
Php-Ctm-K-1-12-56,256t1_23.jpg,False,0.0
Php-Ctm-K-1-12-56,256lm1_107.jpg,True,0.3617492328044139
Php-Ctm-K-1-12-56,Php-Ctm-K-12_10_19_33_826.jpg,False,0.0
Php-Ctm-K-1-12-56,imagenta34v4_3.jpg,False,0.0
Php-Ctm-K-1-12-56,imagenta34v4_3.jpg,False,0.0
Php-Ctm-K-1-12-56,image3v.jpg,False,0.013113834696640094
Php-Ctm-K-1-12-56,256lm1_177.jpg,False,0.0
Php-Ctm-K-1-12-56,256lm1_177.jpg,False,0.0
Php-Ctm-K-1-12-56,imagec6.jpg,False,0.009178986759515034
Php-Ctm-K-1-12-56,imagec6.jpg,False,0.0
Php-Ctm-K-1-12-56,256lm1_120.jpg,True,0.3636841896181291
Php-Ctm-K-1-12-56,imagenta34v4_22.jpg,True,0.19883649507419313
Php-Ctm-K-1-12-56,256lm1_115.jpg,True,0.38475652044779357
Php-Ctm-K-1-12-56,256nz3_3.jpg,False,0.0
Php-Ctm-K-1-12-56,256t1_24.jpg,False,0.0
Php-Ctm-K-1-12-56,imagenta34v4_1.jpg,True,1.0
Php-Ctm-K-1-12-56,256t1_26.jpg,False,0.0
Phl-com3-Shv2-9-K34,5fd31980-6211-46ea-92c6-8b6a72ed69c1.jpg,False,0.0
Phl-com3-Shv2-9-K34,d61850ab-9011-438a-b637-3ef854631e66.jpg,False,0.0
Phl-com3-Shv2-9-K34,3ae9312c-d2b0-4198-9ffb-9b0154e82461.jpg,False,0.0
Phl-com3-Shv2-9-K34,896b95a9-b856-4639-a01c-445e2f1d3013.jpg,False,0.0
Phl-com3-Shv2-9-K34,539900b6-f845-40af-b7c4-ca3cdd6ac8fe.jpg,False,0.0
Phl-com3-Shv2-9-K34,0c40bb01-324e-4375-8ab6-aa9753662cb5.jpg,False,0.0
Phl-com3-Shv2-9-K34,apr6-11_7.jpg,False,0.0
Phl-com3-Shv2-9-K34,c5b8a25b-eeb2-486d-bc6a-8bd83acd2b10.jpg,False,0.0
Phl-com3-Shv2-9-K34,c5b8a25b-eeb2-486d-bc6a-8bd83acd2b10.jpg,False,0.0
Phl-com3-Shv2-9-K34,53d95791-5efc-409a-a2a8-e5490b3d6771.jpg,False,0.0
Phl-com3-Shv2-9-K34,7dbddcb2-c9b0-4b19-8db7-64a4fdcd8bc3.jpg,False,0.0
Phl-com3-Shv2-9-K34,4652f63e-fb3d-4db5-b183-d94bcb80bfc1.jpg,False,0.0
Phl-com3-Shv2-9-K34,33c387ac-c965-4df8-8f83-0094c2708378.jpg,False,0.0
Phl-com3-Shv2-9-K34,5413cdba-5eeb-47ad-9d00-9d4003f2b265.jpg,False,0.0
Phl-com3-Shv2-9-K34,92aac370-bf46-40eb-a35b-444bc64f5378.jpg,False,0.0
Phl-com3-Shv2-9-K34,2b6bc331-b5b1-4794-a136-8d8742e00ed8.jpg,False,0.0
Phl-com3-Shv2-9-K34,2b6bc331-b5b1-4794-a136-8d8742e00ed8.jpg,False,0.0
Phl-com3-Shv2-9-K34,4867f2ba-cffd-4113-9ea3-4381ce64aad4.jpg,False,0.0
Phl-com3-Shv2-9-K34,4867f2ba-cffd-4113-9ea3-4381ce64aad4.jpg,False,0.0
Phl-com3-Shv2-9-K34,a8a92377-ca41-4d85-b0e3-63d8dd877dd4.jpg,False,0.0
Phl-com3-Shv2-9-K34,Phl-com3-Shv2-9-K34_APR-6__Diskovye_nozhnicy_30_03_2021_14_00_18_186_.jpg,False,0.0
Phl-com3-Shv2-9-K34,ad213ff8-93f1-49d4-952f-4e88b0535a4b.jpg,False,0.0
Phl-com3-Shv2-9-K34,32eb4dd7-f1f3-4a0e-88c3-53bdad8927c7.jpg,False,0.0
Phl-com3-Shv2-9-K34,d8162069-5978-4317-9e7f-33446311657f.jpg,False,0.0
Phl-com3-Shv2-9-K34,46d4f38c-ae77-457a-b253-1023134a997f.jpg,False,0.0
Phl-com3-Shv2-9-K34,6f7b8813-531e-4663-8f09-402371d00d82.jpg,False,0.0
Phl-com3-Shv2-9-K34,74ae9229-a781-46f9-a38b-0f97e38f3a96.jpg,False,0.0
Phl-com3-Shv2-9-K34,4d261077-fbb5-4b17-b294-89d64cdd8b75.jpg,False,0.0
Phl-com3-Shv2-9-K34,1584e48b-d0c8-4de7-95d5-7fd627d16a52.jpg,False,0.0
Phl-com3-Shv2-9-K34,a2245dda-a678-4e4b-aaaa-f2cae3533cba.jpg,False,0.0
Phl-com3-Shv2-9-K34,1ae711ff-253e-4829-9967-f46b071555b1.jpg,False,0.0
Phl-com3-Shv2-9-K34,Phl-com3-Shv2-9-K34_APR-6__Diskovye_nozhnicy_06_04_2021_8_19_45_432_.jpg,False,0.0
Phl-com3-Shv2-9-K34,b92fd80d-240e-4e24-b3ce-6a7e36bd4a05.jpg,False,0.0
Phl-com3-Shv2-9-K34,7d898d6a-86f0-464a-8445-5f61b154582c.jpg,False,0.0
Phl-com3-Shv2-9-K34,b3680558-1d6b-42a0-8aa7-5db72ff85093.jpg,False,0.0
Phl-com3-Shv2-9-K34,2f324c34-454c-4bd6-82ca-55780e695c34.jpg,False,0.0
Phl-com3-Shv2-9-K34,8bcdaeeb-9239-49eb-b56f-ea8227af3ba5.jpg,False,0.0
Phl-com3-Shv2-9-K34,apr6-11_12.jpg,False,0.0
Phl-com3-Shv2-9-K34,939b6a9e-8313-44ae-93a7-3b1417ea60f8.jpg,False,0.0
Phl-com3-Shv2-9-K34,b483971c-b1f6-4d66-acea-0977ac3a7ff1.jpg,False,0.0
Phl-com3-Shv2-9-K34,ba22459c-5e99-45d4-8c18-272416ed97e9.jpg,False,0.0
Phl-com3-Shv2-9-K34,a1629172-4792-483c-bd7c-117d6ed77859.jpg,False,0.0
Phl-com3-Shv2-9-K34,Phl-com3-Shv2-9-K34_APR-6__Diskovye_nozhnicy_08_04_2021_2_21_03_649_.jpg,False,0.0
Phl-com3-Shv2-9-K34,b65b3a9c-f853-4b45-a318-021a493649b1.jpg,False,0.0
Phl-com3-Shv2-9-K34,fa0fb1a3-e701-4405-8790-364d91d8a0e3.jpg,False,0.0
Phl-com3-Shv2-9-K34,20a8d1dc-980e-4e29-8aaf-9f33101daa53.jpg,False,0.0
Phl-com3-Shv2-9-K34,60ccb172-6abd-44a2-aadf-90687c855a5d.jpg,False,0.0
Phl-com3-Shv2-9-K34,45ab2cfa-ac55-4b34-9dc9-dab9692c55d3.jpg,False,0.0
Phl-com3-Shv2-9-K34,bf176c11-8530-44df-82ad-7d5f2ce899d1.jpg,False,0.0
Phl-com3-Shv2-9-K34,e5a0e1f0-ca9d-4687-be49-873fed74a45f.jpg,False,0.0
Phl-com3-Shv2-9-K34,82b9e323-d886-4097-ada5-25f11e041a66.jpg,False,0.0
Phl-com3-Shv2-9-K34,3784c48c-1f15-4857-aa4b-5de6a0a2dd5d.jpg,False,0.0
Phl-com3-Shv2-9-K34,0420322d-dd5a-449e-8aa1-66997442f303.jpg,False,0.0
Phl-com3-Shv2-9-K34,a27b87fc-1db3-49fd-b7d9-b293ea620f62.jpg,False,0.0
Phl-com3-Shv2-9-K34,b8b11b41-c5a6-44ca-b677-06dc297afd58.jpg,False,0.0
Phl-com3-Shv2-9-K34,63e3aa2e-138d-4b46-b16b-921d25509259.jpg,False,0.0
Phl-com3-Shv2-9-K34,0dcf51f3-d43c-4a01-acef-c16d936882a5.jpg,False,0.0
Phl-com3-Shv2-9-K34,1874d72b-c6f3-432c-a3df-74973c07b1cc.jpg,False,0.0
Phl-com3-Shv2-9-K34,Phl-com3-Shv2-9-K34_APR-6__Diskovye_nozhnicy_06_04_2021_19_39_47_570_.jpg,False,0.0
Phl-com3-Shv2-9-K34,e822863a-5ef5-44e1-b377-422d6d4bfec7.jpg,False,0.0
Phl-com3-Shv2-9-K34,ca5ec898-5aba-4c31-a7e1-365f01fc5c20.jpg,False,0.0
Phl-com3-Shv2-9-K34,7290b054-ed2b-4bfd-be4a-bca93d9f8494.jpg,False,0.0
Phl-com3-Shv2-9-K34,2abc3303-4e48-4735-9dd8-d18dcec2a7be.jpg,False,0.0
Phl-com3-Shv2-9-K34,e2a5a008-676c-4af0-a67e-62f2b0fa222f.jpg,False,0.0
Phl-com3-Shv2-9-K34,26ac6d9b-98f8-417e-8dd9-354f480a25fb.jpg,False,0.0
Phl-com3-Shv2-9-K34,963e7964-9260-44ae-8390-2eb20af02888.jpg,False,0.0
Phl-com3-Shv2-9-K34,apr6-7_8.jpg,False,0.0
Phl-com3-Shv2-9-K34,003ecd3f-7842-400b-82e4-f81e867483c7.jpg,False,0.0
Phl-com3-Shv2-9-K34,00d13cfc-7736-40dd-9717-1c1438774b47.jpg,False,0.0
Phl-com3-Shv2-9-K34,7651c993-b644-4f36-8229-1c0daa754513.jpg,False,0.0
Phl-com3-Shv2-9-K34,5511298f-2c9d-41d8-88fe-d4627608bd80.jpg,False,0.0
Phl-com3-Shv2-9-K34,e86b66be-4e00-4c2e-98ba-0e79a8c10eb9.jpg,False,0.0
Phl-com3-Shv2-9-K34,73bdc1c5-9a83-41fe-947c-2cc2379b574d.jpg,False,0.0
Phl-com3-Shv2-9-K34,227b8d10-679e-47b6-b11f-6f8e9b5d6399.jpg,False,0.0
Phl-com3-Shv2-9-K34,7ddc6652-1c97-4bb9-a6ca-395bcb2bd823.jpg,False,0.0
Phl-com3-Shv2-9-K34,585053d9-5cc8-47e4-bd14-de02dcf05298.jpg,False,0.0
Phl-com3-Shv2-9-K34,ea74787d-53a2-46e5-b04d-7afaaa46a46a.jpg,False,0.0
Phl-com3-Shv2-9-K34,035413ef-c83c-45b5-a081-407cd63e82ab.jpg,False,0.0
Phl-com3-Shv2-9-K34,apr6-11_13.jpg,False,0.0
Phl-com3-Shv2-9-K34,80198caa-b910-4a24-93ab-0d15d29dfe7b.jpg,False,0.0
Phl-com3-Shv2-9-K34,36943013-8be2-47c5-8976-c386ccb2bd69.jpg,False,0.0
Phl-com3-Shv2-9-K34,99367bd6-0f1d-4fba-864f-2e82ec2549b1.jpg,False,0.0
Phl-com3-Shv2-9-K34,437ab391-6963-412e-a44c-fffb0084c881.jpg,False,0.0
Phl-com3-Shv2-9-K34,c111dd73-465a-48da-99e3-b32699ef2726.jpg,False,0.0
Phl-com3-Shv2-9-K34,3cf5639d-7063-469f-985a-74ff243218db.jpg,False,0.0
Phl-com3-Shv2-9-K34,apr6-10_11.jpg,False,0.0
Phl-com3-Shv2-9-K34,aec2b514-9cb7-4d41-b734-7a298a37ef37.jpg,False,0.0
Phl-com3-Shv2-9-K34,aec2b514-9cb7-4d41-b734-7a298a37ef37.jpg,False,0.0
Phl-com3-Shv2-9-K34,710b48af-c86a-4622-9887-845ea31b8b02.jpg,False,0.0
Phl-com3-Shv2-9-K34,8cc18142-1850-4b68-9821-f0ff984b1ee0.jpg,False,0.0
Phl-com3-Shv2-9-K34,abdfdc96-c03d-423f-8902-3a8596110ad4.jpg,False,0.0
Phl-com3-Shv2-9-K34,apr6-7_18.jpg,False,0.0
Phl-com3-Shv2-9-K34,e9ae5642-518b-47fb-bfcb-d9370889e84d.jpg,False,0.0
Phl-com3-Shv2-9-K34,968323fa-db25-4107-86a9-463893f3f91f.jpg,False,0.0
Phl-com3-Shv2-9-K34,952ac12f-ceb0-4276-86ff-d133a8828946.jpg,False,0.0
Phl-com3-Shv2-9-K34,Phl-com3-Shv2-9-K34_APR-6__Diskovye_nozhnicy_06_04_2021_16_53_11_069_.jpg,False,0.0
Phl-com3-Shv2-9-K34,63608fdb-e2f6-4b05-9515-5b0d1458ae4c.jpg,False,0.0
Phl-com3-Shv2-9-K34,6dabb209-6237-4613-97cc-65ab0533f306.jpg,False,0.0
Phl-com3-Shv2-9-K34,d977de42-0893-4cb9-9e57-e770d11de0d1.jpg,False,0.0
Phl-com3-Shv2-9-K34,ec164b52-a3cf-400a-a9c1-9f866875e8fa.jpg,False,0.0
Phl-com3-Shv2-9-K34,apr6-7_9.jpg,False,0.0
Phl-com3-Shv2-9-K34,035ab19a-deda-47d8-bda4-8748a25895f1.jpg,False,0.0
Phl-com3-Shv2-9-K34,36a13155-cf41-4bd0-95b9-de598fdd74db.jpg,False,0.0
Phl-com3-Shv2-9-K34,apr6-10_16.jpg,False,0.0
Phl-com3-Shv2-9-K34,6dc018ff-f8d0-4346-8de4-aa678e5c6c10.jpg,False,0.0
Phl-com3-Shv2-9-K34,1096fece-050d-4b7f-8a65-a1bd5c06e079.jpg,False,0.0
Phl-com3-Shv2-9-K34,3df1e555-a5ec-4277-90e3-777dae7469a7.jpg,False,0.0
Phl-com3-Shv2-9-K34,Phl-com3-Shv2-9-K34_APR-6__Diskovye_nozhnicy_06_04_2021_17_19_15_168_.jpg,False,0.0
Phl-com3-Shv2-9-K34,apr6-9_86.jpg,False,0.0
Phl-com3-Shv2-9-K34,c80dd7c4-72eb-48a0-bb47-678652369524.jpg,False,0.0
Phl-com3-Shv2-9-K34,apr6-7_7.jpg,False,0.0
Phl-com3-Shv2-9-K34,181163a4-55c2-47e3-8adc-f414b7aded21.jpg,False,0.0
Phl-com3-Shv2-9-K34,9d2f54d8-90aa-4032-8763-05a21cd837e2.jpg,False,0.0
Phl-com3-Shv2-9-K34,apr6-9_80.jpg,False,0.0
Phl-com3-Shv2-9-K34,17f822c8-51e9-43b7-adf4-eee8901b0971.jpg,False,0.0
Phl-com3-Shv2-9-K34,b8af5e5a-de1a-48b9-844c-88e7239b82c0.jpg,False,0.0
Phl-com3-Shv2-9-K34,54d80cc0-1ba1-482c-943b-11a38000a17b.jpg,False,0.0
Phl-com3-Shv2-9-K34,23d01b89-9c05-4b7f-ae0d-cd5ef579610a.jpg,False,0.0
Phl-com3-Shv2-9-K34,apr6-9_81.jpg,False,0.0
Phl-com3-Shv2-9-K34,Phl-com3-Shv2-9-K34_APR-6__Diskovye_nozhnicy_05_04_2021_20_47_29_402_.jpg,False,0.0
Phl-com3-Shv2-9-K34,Phl-com3-Shv2-9-K34_APR-6__Diskovye_nozhnicy_28_03_2021_3_59_21_469_.jpg,False,0.0
Phl-com3-Shv2-9-K34,1bf4ed35-9c34-417d-96d6-5a31a46646d3.jpg,False,0.0
Pgp-lpc2-K-0-1-38,Pgp-lpc2-K-0-1-38_Nepreryvnaya_podgruppa_(kleti_3-5)_2021-11-17_18_24_41.486.jpg,False,0.0
Pgp-lpc2-K-0-1-38,Pgp-lpc2-K-0-1-38_Nepreryvnaya_podgruppa_(kleti_3-5)_2021-11-17_18_01_45.492.jpg,False,0.0
Pgp-lpc2-K-0-1-38,Pgp-lpc2-K-0-1-38_Nepreryvnaya_podgruppa_(kleti_3-5)_2021-11-17_19_43_55.489.jpg,False,0.0
Pgp-lpc2-K-0-1-38,Pgp-lpc2-K-0-1-38_Nepreryvnaya_podgruppa_(kleti_3-5)_2021-11-17_19_04_32.483.jpg,False,0.0
Pgp-lpc2-K-0-1-38,Pgp-lpc2-K-0-1-38_Nepreryvnaya_podgruppa_(kleti_3-5)_2021-11-17_20_24_11.501.jpg,False,0.0
Pgp-lpc2-K-0-1-38,Pgp-lpc2-K-0-1-38_Nepreryvnaya_podgruppa_(kleti_3-5)_2021-11-17_20_24_11.501.jpg,False,0.0
Pgp-lpc2-K-0-1-38,Pgp-lpc2-K-0-1-38_Nepreryvnaya_podgruppa_(kleti_3-5)_2021-11-17_18_31_12.483.jpg,False,0.0
Pgp-lpc2-K-0-1-38,Pgp-lpc2-K-0-1-38_Nepreryvnaya_podgruppa_(kleti_3-5)_2021-11-17_20_41_54.501.jpg,False,0.0
Pgp-lpc2-K-0-1-38,Pgp-lpc2-K-0-1-38_Nepreryvnaya_podgruppa_(kleti_3-5)_2021-11-17_20_24_53.502.jpg,True,0.18340457073063868
Pgp-lpc2-K-0-1-38,Pgp-lpc2-K-0-1-38_Nepreryvnaya_podgruppa_(kleti_3-5)_2021-11-17_19_01_36.483.jpg,False,0.0
Pgp-lpc2-K-0-1-38,Pgp-lpc2-K-0-1-38_Nepreryvnaya_podgruppa_(kleti_3-5)_2021-11-17_21_09_23.493.jpg,False,0.0
Pgp-lpc2-K-0-1-38,Pgp-lpc2-K-0-1-38_Nepreryvnaya_podgruppa_(kleti_3-5)_2021-11-17_20_49_09.499.jpg,False,0.0
Pgp-lpc2-K-0-1-38,Pgp-lpc2-K-0-1-38_Nepreryvnaya_podgruppa_(kleti_3-5)_2021-11-17_18_51_56.484.jpg,False,0.0
Pgp-lpc2-K-0-1-38,Pgp-lpc2-K-0-1-38_Nepreryvnaya_podgruppa_(kleti_3-5)_2021-11-17_18_56_51.484.jpg,False,0.0
Pgp-lpc2-K-0-1-38,Pgp-lpc2-K-0-1-38_Nepreryvnaya_podgruppa_(kleti_3-5)_2021-11-17_20_23_56.501.jpg,False,0.0
Pgp-lpc2-K-0-1-38,Pgp-lpc2-K-0-1-38_Nepreryvnaya_podgruppa_(kleti_3-5)_2021-11-17_18_24_32.485.jpg,False,0.0
Pgp-lpc2-K-0-1-38,Pgp-lpc2-K-0-1-38_Nepreryvnaya_podgruppa_(kleti_3-5)_2021-11-17_20_08_41.490.jpg,False,0.0
Pgp-lpc2-K-0-1-38,Pgp-lpc2-K-0-1-38_Nepreryvnaya_podgruppa_(kleti_3-5)_2021-11-17_18_56_21.484.jpg,False,0.0
Pgp-lpc2-K-0-1-38,Pgp-lpc2-K-0-1-38_Nepreryvnaya_podgruppa_(kleti_3-5)_2021-11-17_20_24_44.501.jpg,False,0.0
Pgp-lpc2-K-0-1-38,Pgp-lpc2-K-0-1-38_Nepreryvnaya_podgruppa_(kleti_3-5)_2021-11-17_18_56_36.484.jpg,False,0.0
Pgp-lpc2-K-0-1-38,Pgp-lpc2-K-0-1-38_Nepreryvnaya_podgruppa_(kleti_3-5)_2021-11-17_20_08_49.490.jpg,False,0.0
Pgp-lpc2-K-0-1-38,Pgp-lpc2-K-0-1-38_Nepreryvnaya_podgruppa_(kleti_3-5)_2021-11-17_20_24_05.501.jpg,False,0.0
Pgp-lpc2-K-0-1-38,Pgp-lpc2-K-0-1-38_Nepreryvnaya_podgruppa_(kleti_3-5)_2021-11-17_20_24_39.502.jpg,False,0.0
Pgp-lpc2-K-0-1-38,Pgp-lpc2-K-0-1-38_Nepreryvnaya_podgruppa_(kleti_3-5)_2021-11-17_20_24_39.502.jpg,False,0.0
Pgp-lpc2-K-0-1-38,Pgp-lpc2-K-0-1-38_Nepreryvnaya_podgruppa_(kleti_3-5)_2021-11-17_20_24_29.501.jpg,False,0.0
Pgp-lpc2-K-0-1-38,Pgp-lpc2-K-0-1-38_Nepreryvnaya_podgruppa_(kleti_3-5)_2021-11-17_18_54_48.484.jpg,False,0.0
Pgp-lpc2-K-0-1-38,Pgp-lpc2-K-0-1-38_Nepreryvnaya_podgruppa_(kleti_3-5)_2021-11-17_18_54_48.484.jpg,False,0.0
Pgp-lpc2-K-0-1-38,Pgp-lpc2-K-0-1-38_Nepreryvnaya_podgruppa_(kleti_3-5)_2021-11-17_18_55_15.483.jpg,False,0.0
Pgp-lpc2-K-0-1-38,Pgp-lpc2-K-0-1-38_Nepreryvnaya_podgruppa_(kleti_3-5)_2021-11-17_18_01_40.492.jpg,False,0.0
Pgp-lpc2-K-0-1-38,Pgp-lpc2-K-0-1-38_Nepreryvnaya_podgruppa_(kleti_3-5)_2021-11-17_18_01_40.492.jpg,False,0.0
Pgp-lpc2-K-0-1-38,Pgp-lpc2-K-0-1-38_Nepreryvnaya_podgruppa_(kleti_3-5)_2021-11-17_21_00_54.495.jpg,False,0.0
Pgp-lpc2-K-0-1-38,Pgp-lpc2-K-0-1-38_Nepreryvnaya_podgruppa_(kleti_3-5)_2021-11-17_18_43_06.483.jpg,False,0.0
Pgp-lpc2-K-0-1-38,Pgp-lpc2-K-0-1-38_Nepreryvnaya_podgruppa_(kleti_3-5)_2021-11-17_21_08_05.493.jpg,False,0.0
Pgp-lpc2-K-0-1-38,Pgp-lpc2-K-0-1-38_Nepreryvnaya_podgruppa_(kleti_3-5)_2021-11-17_18_54_23.483.jpg,False,0.0
Pgp-lpc2-K-0-1-38,Pgp-lpc2-K-0-1-38_Nepreryvnaya_podgruppa_(kleti_3-5)_2021-11-17_20_24_25.502.jpg,False,0.027781976514615944
Pgp-lpc2-K-0-1-38,Pgp-lpc2-K-0-1-38_Nepreryvnaya_podgruppa_(kleti_3-5)_2021-11-17_19_01_51.483.jpg,False,0.0
Pgp-lpc2-K-0-1-38,Pgp-lpc2-K-0-1-38_Nepreryvnaya_podgruppa_(kleti_3-5)_2021-11-17_18_52_01.484.jpg,False,0.0
Pgp-lpc2-K-0-1-38,Pgp-lpc2-K-0-1-38_Nepreryvnaya_podgruppa_(kleti_3-5)_2021-11-17_18_52_01.484.jpg,False,0.0
DpR-Csp-uipv-ShV-V1,91502c54-8eac-483d-9773-cc0d52715a8d.jpg,True,0.5422577353755665
DpR-Csp-uipv-ShV-V1,8e94cc93-9b10-4d2c-aa11-9ff0667e1da9.jpg,True,0.6330321138069918
DpR-Csp-uipv-ShV-V1,9beb48d3-cb2f-4860-9c3e-e8b1dafe2198.jpg,True,0.49033640901944836
DpR-Csp-uipv-ShV-V1,8fcbb362-8772-41be-8373-f93fac271e0a.jpg,True,0.7028194858672605
DpR-Csp-uipv-ShV-V1,89b2899b-13e4-4379-b6c5-744bbd746b10.jpg,True,0.6917967071808178
DpR-Csp-uipv-ShV-V1,87fd767d-327b-4bfe-ad70-13d2bca14592.jpg,True,0.5472286501192877
DpR-Csp-uipv-ShV-V1,99dcfcd7-704a-4a7e-b6c3-dad2ee14851d.jpg,True,0.6585770203975886
DpR-Csp-uipv-ShV-V1,8e9e140b-2f92-4f5b-85b9-478a71449fc3.jpg,True,0.6021790937196558
DpR-Csp-uipv-ShV-V1,8fba1baa-5c83-475a-b9ee-891ddd8a5baf.jpg,True,0.36634304980112503
DpR-Csp-uipv-ShV-V1,8b47e547-fd1a-4ff7-962e-f93241b55a4f.jpg,False,0.0
DpR-Csp-uipv-ShV-V1,9987a040-5202-4aef-a82d-fb0b5e140a88.jpg,True,0.6223119080206314
DpR-Csp-uipv-ShV-V1,9106a3d3-9e02-4b53-99f6-e77a7e922074.jpg,True,0.400630847844606
DpR-Csp-uipv-ShV-V1,86ee55bf-11cb-43e3-894d-2fdfac4d69a3.jpg,True,0.41626168894596705
DpR-Csp-uipv-ShV-V1,8d7282e1-d517-45c1-ad91-c049d5052c01.jpg,True,0.24503290837050357
DpR-Csp-uipv-ShV-V1,9dd13b26-b044-4321-9c2a-2885aafee2b5.jpg,True,0.9685170907030138
DpR-Csp-uipv-ShV-V1,8fb879c0-e726-494d-8709-27b254ecebda.jpg,True,0.5461522926110404
DpR-Csp-uipv-ShV-V1,8d8711cc-fa9f-4fee-9e68-33932a29ef77.jpg,True,0.9922891839583527
DpR-Csp-uipv-ShV-V1,9f139a65-b50f-4fdc-9fa9-2542c0018e90.jpg,False,0.03840633445793436
DpR-Csp-uipv-ShV-V1,9457fbbf-241f-4ed5-9bf0-ef502cf05e78.jpg,True,0.9928174154853597
DpR-Csp-uipv-ShV-V1,895c7e8f-a69d-4e00-a226-4a266bb0a847.jpg,True,0.7891269477194505
DpR-Csp-uipv-ShV-V1,895c7e8f-a69d-4e00-a226-4a266bb0a847.jpg,False,0.0
DpR-Csp-uipv-ShV-V1,905f8121-468e-41a6-a030-e95b4ad21de2.jpg,True,0.442427651183714
DpR-Csp-uipv-ShV-V1,89badf0b-67de-4ef0-b4c3-c5b8f8271227.jpg,False,0.0006772429296295125
DpR-Csp-uipv-ShV-V1,8398b455-a432-429b-a969-781bbd8d730b.jpg,False,0.0
DpR-Csp-uipv-ShV-V1,9d8ea6dc-b0ca-4d08-ad00-1acfea82e170.jpg,True,0.9999898610456964
DpR-Csp-uipv-ShV-V1,8e174a56-91de-4fde-8505-3b113118890c.jpg,True,0.4774830881477221
DpR-Csp-uipv-ShV-V1,9dd28424-169d-4b34-b889-a3007615baed.jpg,False,0.0
DpR-Csp-uipv-ShV-V1,9b0ce7ef-050f-4022-a91c-2d5d4c663c50.jpg,True,0.8734108265051016
DpR-Csp-uipv-ShV-V1,89ebff9c-fe1c-4e5a-890f-2b4fa77239a8.jpg,True,0.7786855117069201
DpR-Csp-uipv-ShV-V1,8fceb1ee-ab30-45d9-8cdb-a0cad08f5a86.jpg,True,0.6682972280196544
DpR-Csp-uipv-ShV-V1,9e15f48b-7a2a-4508-b88e-0ffe17c8aca9.jpg,False,0.0
DpR-Csp-uipv-ShV-V1,8fbc0008-8dcf-4484-ae1e-e511779a930e.jpg,True,0.33253953276169024
DpR-Csp-uipv-ShV-V1,94f4dd5f-51cf-44cd-8e71-51531e035acc.jpg,True,0.6647555593524982
DpR-Csp-uipv-ShV-V1,9d27fd4c-86c3-4000-b66c-c5d788a8db25.jpg,True,0.6386999730623768
DpR-Csp-uipv-ShV-V1,8e4fb35f-ba70-4ff7-a3f0-d1cf1cd566a8.jpg,True,0.3600087444222281
DpR-Csp-uipv-ShV-V1,96192f98-7086-490a-8bee-67ebcc3efe9d.jpg,False,0.0
DpR-Csp-uipv-ShV-V1,832471ab-783b-4689-abfe-044e2980574c.jpg,False,0.0
DpR-Csp-uipv-ShV-V1,89493e4f-4cee-4a56-850d-6d11eccd4070.jpg,True,0.9830264687737877
DpR-Csp-uipv-ShV-V1,9757d554-0bf1-41fe-850b-7a123ac74929.jpg,True,0.9918023490694047
DpR-Csp-uipv-ShV-V1,9d536db8-baa5-4de5-92ea-8aae2168665c.jpg,True,0.5773853027736273
DpR-Csp-uipv-ShV-V1,865da5fe-a667-49b4-98ce-277232127e0c.jpg,True,0.33830006441658944
DpR-Csp-uipv-ShV-V1,9fccb6a6-df63-4bc5-ab0d-2da894355cf0.jpg,False,0.0
DpR-Csp-uipv-ShV-V1,8a49189d-0604-494d-9435-8379bf4a0d47.jpg,True,0.2580610368866521
DpR-Csp-uipv-ShV-V1,87f30fe9-9fb3-4ec7-8aa1-1ae669999954.jpg,True,0.2643685672119471
DpR-Csp-uipv-ShV-V1,90dc15ca-f3ff-4cea-8e18-adf954b57a9d.jpg,True,0.6176814964759838
DpR-Csp-uipv-ShV-V1,9e0ab610-b383-4629-a77c-2a30d01db15f.jpg,True,0.48422736643097264
DpR-Csp-uipv-ShV-V1,94631c6d-dd04-43cc-adc8-7647dcd2950d.jpg,False,0.0
DpR-Csp-uipv-ShV-V1,847f5581-a460-4e06-b79f-969aad0af323.jpg,True,0.6573005295439457
DpR-Csp-uipv-ShV-V1,878c9066-2a7b-4269-bc4b-b6020a5bd904.jpg,False,0.0
DpR-Csp-uipv-ShV-V1,95c37a7e-896c-4a39-b15d-351e2d066d83.jpg,True,0.6086463960313142
DpR-Csp-uipv-ShV-V1,8ba2a3dc-8ee9-4154-a590-05a0b79bb34e.jpg,True,0.9759599775018934
DpR-Csp-uipv-ShV-V1,9162d029-b529-44c7-bc3b-746e33a19a13.jpg,True,0.6426812449989686
DpR-Csp-uipv-ShV-V1,9162d029-b529-44c7-bc3b-746e33a19a13.jpg,False,0.0
DpR-Csp-uipv-ShV-V1,98db0975-f631-4088-8e8a-38ea202454d1.jpg,True,0.6493225570745027
DpR-Csp-uipv-ShV-V1,8a4ec5eb-8fc5-4caa-a090-cf083c62661e.jpg,True,0.4000374320126131
DpR-Csp-uipv-ShV-V1,8e5c2c79-55d3-444b-864c-8e964604f12b.jpg,True,0.31213451554683147
DpR-Csp-uipv-ShV-V1,9b2d0107-663e-4285-ae7c-60408d21ffcd.jpg,False,0.0
DpR-Csp-uipv-ShV-V1,8cf83998-5e6c-40df-8f88-0e3cd41ea61d.jpg,True,0.26422770198827744
DpR-Csp-uipv-ShV-V1,9b785562-a9f1-4478-86da-7a41b4a1b5a2.jpg,False,0.0
DpR-Csp-uipv-ShV-V1,8754b2a8-bcbd-4500-a3a1-8e8e10a04ce1.jpg,True,0.6641886566298774
DpR-Csp-uipv-ShV-V1,84a76ae9-819a-4042-9309-157fbcec1c54.jpg,False,0.0
DpR-Csp-uipv-ShV-V1,8b2ba5b3-0b15-435f-add3-9e48e1379310.jpg,True,0.6310817366992136
DpR-Csp-uipv-ShV-V1,943b6a8f-9619-4545-9a2f-fe8e3b7050b2.jpg,True,0.3636981404902136
DpR-Csp-uipv-ShV-V1,936cbb85-ef4a-4406-ad7e-fbf26da207cf.jpg,True,0.3435102429198836
DpR-Csp-uipv-ShV-V1,97e6a805-9c6e-4a21-ae9c-a4b4059d13f0.jpg,False,0.011756780641040803
DpR-Csp-uipv-ShV-V1,981344e2-4455-400a-bf56-404c8fa00729.jpg,True,0.8865853764379525
DpR-Csp-uipv-ShV-V1,9e94e5dd-c44d-42c4-887e-4e805a3c143f.jpg,True,0.40076705371075844
DpR-Csp-uipv-ShV-V1,96d04581-0722-4763-bbef-8352c9481615.jpg,True,0.6291256277643784
DpR-Csp-uipv-ShV-V1,92e48097-e528-46ca-a206-67ba380406ef.jpg,True,0.9792394231657837
DpR-Csp-uipv-ShV-V1,8ab6849a-152e-4fb7-8223-06b7bc9358cb.jpg,True,0.5803622907403093
DpR-Csp-uipv-ShV-V1,945e79e8-cb61-4744-a45b-7ca375345220.jpg,True,0.6372086705783598
DpR-Csp-uipv-ShV-V1,9cc5910d-164e-4007-a715-6aa4bd2a899f.jpg,True,0.6501374297863926
DpR-Csp-uipv-ShV-V1,93372de4-e098-462b-b2e9-85efb5144b34.jpg,True,0.9741856710681606
DpR-Csp-uipv-ShV-V1,8d235a51-226d-4c4c-bb19-9e1276e75719.jpg,True,0.6978487852915873
DpR-Csp-uipv-ShV-V1,9e2a88d5-e64d-42a5-b8da-c8bfbc7a8d18.jpg,True,0.6856599777641812
DpR-Csp-uipv-ShV-V1,91f29221-94ec-45a9-b69c-b9e0cde0a954.jpg,True,0.9407819334421477
DpR-Csp-uipv-ShV-V1,8d216766-c919-4250-bd4f-a10ae3e18de7.jpg,False,0.0
DpR-Csp-uipv-ShV-V1,94b79b8a-b98f-471c-870e-200f1f581f9a.jpg,True,0.5953528993282396
DpR-Csp-uipv-ShV-V1,99dd3af5-df12-47e0-8891-ba47a066b375.jpg,False,0.0
DpR-Csp-uipv-ShV-V1,9bea1cfd-234f-45b7-a67b-32c3e9861eed.jpg,False,0.0
DpR-Csp-uipv-ShV-V1,9bea1cfd-234f-45b7-a67b-32c3e9861eed.jpg,False,0.023630903783022957
DpR-Csp-uipv-ShV-V1,99a31f8e-aebf-454a-bfc7-381f0c9b5923.jpg,True,0.4335793127330269
DpR-Csp-uipv-ShV-V1,889f3cb8-75fa-4dfd-828c-5e63133c8d2f.jpg,False,0.0
DpR-Csp-uipv-ShV-V1,8370b7d9-7c81-4ab3-a186-acf8ac0bc38d.jpg,True,0.8170971281377136
DpR-Csp-uipv-ShV-V1,8ba7a7ca-eb78-44e6-b5e6-436a4d03f700.jpg,False,0.0
DpR-Csp-uipv-ShV-V1,87462fc1-4850-48e6-b842-183fe2acfc95.jpg,False,0.0
DpR-Csp-uipv-ShV-V1,8bc815cc-e3c1-4209-abfb-03cb41d44a88.jpg,False,0.0
DpR-Csp-uipv-ShV-V1,899aec9f-3d27-4dd5-a3ce-3e832ead3a20.jpg,True,0.5994576529206871
DpR-Csp-uipv-ShV-V1,97f6c6af-5c15-46e9-8977-a14691e31faa.jpg,True,0.3870715200641797
DpR-Csp-uipv-ShV-V1,96b32bdb-a523-46f1-adf2-adf4fa95d993.jpg,True,0.9789168420847619
DpR-Csp-uipv-ShV-V1,9bdbce35-d0fe-4614-9c0f-8b5effda58f4.jpg,False,0.0
DpR-Csp-uipv-ShV-V1,956b081d-a5ce-470c-b99f-615d8773794b.jpg,True,0.5540082689541672
DpR-Csp-uipv-ShV-V1,9c619f6b-77b2-425b-a181-c1d4e7c388c0.jpg,True,0.5464939947043316
DpR-Csp-uipv-ShV-V1,960bb064-95d4-4817-b198-3dbad44e25d1.jpg,True,0.8630321704148148
DpR-Csp-uipv-ShV-V1,9ffd7ed3-d9c5-415d-aefc-bf565148e6a7.jpg,True,0.5430353858797554
DpR-Csp-uipv-ShV-V1,82e0422b-d5bd-4e8a-812b-56e6d8747ed6.jpg,True,0.6286602896116974
DpR-Csp-uipv-ShV-V1,86b51aa5-1877-4b9c-a216-90d1d5420588.jpg,True,0.5371612070925068
DpR-Csp-uipv-ShV-V1,837c32b0-1a83-4c1c-8910-caf6564fea3b.jpg,True,0.9685023831443347
DpR-Csp-uipv-ShV-V1,8aaecf36-7f47-434f-aaa9-c8d4026fb515.jpg,True,0.5115965218669921
DpR-Csp-uipv-ShV-V1,8dc80893-c3bd-4128-af76-b7838e44c922.jpg,False,0.0
DpR-Csp-uipv-ShV-V1,8d6937ab-91c0-4804-a940-92ba629aaa0c.jpg,True,0.6294068476309914
Spp-210-K1-3-3-6,8e8fe067-f527-406c-95b4-2d916486bf74.jpg,False,0.0
Spp-210-K1-3-3-6,95d0701e-69c1-4ae4-95f1-373ce4b372ba.jpg,True,0.19090792741705667
Spp-210-K1-3-3-6,8e01613c-0c83-44fb-b660-60a4c3de936c.jpg,False,0.0
Spp-210-K1-3-3-6,8f35abe9-b464-4cfc-a918-665073245a96.jpg,False,0.035246469832505366
Spp-210-K1-3-3-6,8f35abe9-b464-4cfc-a918-665073245a96.jpg,False,0.0
Spp-210-K1-3-3-6,9bacaa16-91dc-41d1-b19f-61fd3e696010.jpg,True,0.5915138769095405
Spp-210-K1-3-3-6,9ef9efe2-959e-46b3-bf2c-471428e2b99b.jpg,False,0.025154796564808075
Spp-210-K1-3-3-6,894f136b-0c5f-4915-bc82-02ba522449fd.jpg,False,0.14378805143369727
Spp-210-K1-3-3-6,8c328018-48b0-4b46-b685-570309efa520.jpg,False,0.0
Spp-210-K1-3-3-6,881dd8e0-d183-46c0-a0ce-aa7c93651a74.jpg,True,0.615807446617295
Spp-210-K1-3-3-6,9aaa5d4b-fff3-4bd8-8a95-b58aaf59cd72.jpg,False,0.07350060403861773
Spp-210-K1-3-3-6,97bb5cfb-53d9-4394-b1e3-553debf18391.jpg,True,0.4476283218057404
Spp-210-K1-3-3-6,8da445f1-5084-4b87-a232-3de5e4abbd47.jpg,False,0.0
Spp-210-K1-3-3-6,82feb54f-d0e3-4354-b132-f9084019b7b3.jpg,False,0.0010673244218535416
Spp-210-K1-3-3-6,92b21913-d11d-4450-bcaa-f7a200e646b9.jpg,False,0.0014196038512181556
Spp-210-K1-3-3-6,8d2a5e6a-8788-462e-bf96-49dab27429f8.jpg,False,0.0
Spp-210-K1-3-3-6,938d3754-40ab-402b-a273-e5c0ea430ba3.jpg,False,0.0
Spp-210-K1-3-3-6,83a1914d-9aec-4c43-ab73-b5656f1625bc.jpg,False,0.04963177478363221
Spp-210-K1-3-3-6,8fa84d87-f7de-4ff8-9e82-06740816ddf7.jpg,False,0.0
Spp-210-K1-3-3-6,87d72d50-0948-4239-a426-8f924534ade1.jpg,False,0.0
Spp-210-K1-3-3-6,9ab58b5d-8ceb-4924-a60e-375d6c851441.jpg,False,0.0
Spp-210-K1-3-3-6,877b5016-b68d-4adb-b629-717bf8fa1f7e.jpg,False,0.0
Spp-210-K1-3-3-6,97d3aa9e-1534-44ed-9eb1-892b722d1e65.jpg,True,0.9791300710142334
Spp-210-K1-3-3-6,9e14debc-7a40-404a-91f7-021e5478ce39.jpg,True,0.20342214778875498
Spp-210-K1-3-3-6,93b92b9c-864b-440e-91bb-0c1090d35460.jpg,False,0.0
Spp-210-K1-3-3-6,84de507f-22df-4be8-98dd-898db2c98b8a.jpg,False,0.0
Spp-210-K1-3-3-6,8e7aab4b-03a8-48ec-9ffd-9a02dd775e17.jpg,False,0.02507199431718745
Spp-210-K1-3-3-6,950a6fe4-6124-4714-b432-b48b8d0b64d5.jpg,True,0.26683364851100055
Spp-210-K1-3-3-6,856da9d4-9d0e-4c54-a15b-8a39df5503d0.jpg,False,0.0
Spp-210-K1-3-3-6,9da1f7bc-aa46-4016-9f6b-9c998f41aa58.jpg,True,0.5443856661665785
Spp-210-K1-3-3-6,90baebdc-62a5-4177-8188-09980f928315.jpg,False,0.0
Spp-210-K1-3-3-6,97b36b86-4eed-4ef3-b4fc-7208a9117474.jpg,False,0.054456303496787754
Spp-210-K1-3-3-6,97b36b86-4eed-4ef3-b4fc-7208a9117474.jpg,False,0.0
Spp-210-K1-3-3-6,9f8e01cc-7b86-47e5-b6d5-39dba890d473.jpg,False,0.0
Spp-210-K1-3-3-6,9e12c02a-ac00-4eae-8c95-921f9d679db4.jpg,False,0.0
Spp-210-K1-3-3-6,90df04de-5787-41dd-9e56-429ec2992319.jpg,False,0.0
Spp-210-K1-3-3-6,88d1eb38-a516-43f1-a3ea-d42673630f6d.jpg,False,0.0
Spp-210-K1-3-3-6,8e3354c0-326e-42fd-8e02-2e8bf840d5ff.jpg,False,0.0
Spp-210-K1-3-3-6,9e7b24c4-31d7-47ec-a4ce-b5a0f918813c.jpg,True,0.8859734660288809
Spp-210-K1-3-3-6,9e7b24c4-31d7-47ec-a4ce-b5a0f918813c.jpg,True,0.21639966933503169
Spp-210-K1-3-3-6,88b9dbc6-d6e8-4887-b441-2ea9eec92730.jpg,False,0.0
Spp-210-K1-3-3-6,968ab366-e9ac-4c55-a93c-458c3bda6ca7.jpg,False,0.0
Spp-210-K1-3-3-6,85a27059-5cb6-4c6e-84c7-6bc405042fa6.jpg,False,0.0
Spp-210-K1-3-3-6,9cf90c59-1822-402e-ad13-4ab0dd875cbb.jpg,True,0.21966681250495118
Spp-210-K1-3-3-6,8e3055df-40e2-47e0-a661-dc7ed3acf4f2.jpg,False,0.0007753795069104729
Spp-210-K1-3-3-6,95ce19b8-f677-47d5-aa2f-03127764fc27.jpg,False,0.0006284584621870347
Spp-210-K1-3-3-6,8e1b6434-81a5-4cef-a9cc-8b2034e1d7ea.jpg,True,0.2296264322851361
Spp-210-K1-3-3-6,908c43a4-1399-424a-a5af-719bf2a48426.jpg,False,0.0
Spp-210-K1-3-3-6,8ed9c91a-3336-4ac5-a7c4-d953ef51e45e.jpg,False,0.0
Spp-210-K1-3-3-6,8ecf890d-e3e0-471c-b348-a77214635f05.jpg,False,0.0
Spp-210-K1-3-3-6,8efca5ff-e665-4c58-a275-6d6405ed415e.jpg,False,0.0
Spp-210-K1-3-3-6,9a0ad191-b5d1-4f7e-837d-eec89e9276ad.jpg,False,0.0
Spp-210-K1-3-3-6,8aedf753-25b2-4a43-8c99-c6580db15ffe.jpg,True,0.5820805478355756
Spp-210-K1-3-3-6,836f5468-fea1-40e7-bbaa-0f5071d5c385.jpg,False,0.0
Spp-210-K1-3-3-6,999e463f-e178-4d86-9d78-7d3c6807f881.jpg,False,0.0
Spp-210-K1-3-3-6,95b35805-56d3-4391-bdcd-91344fad8d4f.jpg,False,0.0
Spp-210-K1-3-3-6,8d62173f-f050-4bce-9138-cbc8ee87daa3.jpg,True,0.7143385522982384
Spp-210-K1-3-3-6,9a2abf83-8541-4156-9437-06a7530641a2.jpg,False,0.0
Spp-210-K1-3-3-6,8a134b2b-21d9-4b40-b072-7b806bd78f7a.jpg,False,0.0
Spp-210-K1-3-3-6,997ef5e0-06e8-41bf-bc84-90f65bf7f744.jpg,True,0.18157266485403384
Spp-210-K1-3-3-6,8dfd6e23-8e08-4b93-b8b4-cc08eede0c91.jpg,False,0.0
Spp-210-K1-3-3-6,870e1bed-7c2f-4406-8172-72999b36961f.jpg,False,0.0
Spp-210-K1-3-3-6,87b7d4b1-77c7-4c0b-a218-298ec5508264.jpg,False,0.0
Spp-210-K1-3-3-6,93f12a38-b8ee-4f0f-b03e-7a5b1d027153.jpg,False,0.0
Spp-210-K1-3-3-6,9f31700a-b456-419f-b0d2-60c9ca4146f0.jpg,False,0.0011548154973378031
Spp-210-K1-3-3-6,918d7b0d-bd44-4e86-9f5c-8902a6664dbb.jpg,False,0.0
Spp-210-K1-3-3-6,9aae1ec2-e402-47e7-896a-029246150e0a.jpg,False,0.0
Spp-210-K1-3-3-6,934a6c3e-1752-478e-b5f0-a02922924b97.jpg,False,0.0
Spp-210-K1-3-3-6,8cf03f8a-5621-40e2-8044-60bbe42a63b2.jpg,True,0.5030814495028606
Spp-210-K1-3-3-6,941c2c41-4109-4d2d-95b9-47628160abff.jpg,False,0.0
Spp-210-K1-3-3-6,9be6496d-0d31-4f41-a792-738faace5ba6.jpg,False,0.0
Spp-210-K1-3-3-6,852a1b60-63a2-4f16-b090-20a9b8bbbf30.jpg,False,0.0
Spp-210-K1-3-3-6,8e5181dd-599d-4711-8f63-d2c9bc6abd78.jpg,False,0.0
Spp-210-K1-3-3-6,8d56523b-7ed2-43a0-b876-a5a9b8749abe.jpg,False,0.0
Spp-210-K1-3-3-6,91c649f3-1b75-46f0-bf27-3244c53c65d4.jpg,False,0.0
Spp-210-K1-3-3-6,94c1c7e1-5963-4fed-846c-354afe9bfd37.jpg,False,0.0
Spp-210-K1-3-3-6,94d303f8-a12d-4ade-b3dc-140cb9358876.jpg,False,0.0
Spp-210-K1-3-3-6,9bf6ab1d-db71-4b70-b584-c35e3a0cd109.jpg,False,0.04228815882352455
Spp-210-K1-3-3-6,9cb0930d-3131-4776-83a8-b9a25172e641.jpg,False,0.0
Spp-210-K1-3-3-6,8d8f774e-977a-40a7-a66b-188c323d2f6f.jpg,False,0.00011729640621603887
Spp-210-K1-3-3-6,935dfbc6-1620-4901-a4ef-7f7617e7e3d7.jpg,False,0.0
Spp-210-K1-3-3-6,8b27fbe3-3ac0-44dc-a0db-9e879dabbffd.jpg,True,0.5326867129450806
Spp-210-K1-3-3-6,9ead7c28-a606-47e2-9805-1e62d9512ea6.jpg,False,0.0
Spp-210-K1-3-3-6,9d07eecb-750b-4781-ade2-08b6653acfa2.jpg,False,0.0
Spp-210-K1-3-3-6,858de0f5-158f-4d09-a237-1dafb2e07d59.jpg,True,0.8010946172896376
Spp-210-K1-3-3-6,91b1f080-9c1f-47ad-b056-161719f0b2ac.jpg,False,0.0
Spp-210-K1-3-3-6,9b47366f-acde-4c07-8436-7c1fc7de5ab4.jpg,False,0.08696064882434089
Spp-210-K1-3-3-6,9b5805ed-523a-4a9d-92b7-ed32eed86627.jpg,True,0.4845109083727128
Spp-210-K1-3-3-6,93cff04f-5629-43bd-8b16-f868c9e3e827.jpg,False,0.0
Spp-210-K1-3-3-6,96b7ecca-82a8-4c1d-943b-3821a67ad4ed.jpg,False,0.0
Spp-210-K1-3-3-6,999bdf2f-ef33-4fca-b546-752573ffe4cd.jpg,False,0.0
Spp-210-K1-3-3-6,9ba6035e-3431-4579-acde-a54d3b5a7bb8.jpg,False,0.0
Spp-210-K1-3-3-6,9ba6035e-3431-4579-acde-a54d3b5a7bb8.jpg,True,0.27330578738203676
Spp-210-K1-3-3-6,8f82ea06-12bb-4437-856c-856f88834d8c.jpg,False,0.029594053766420037
Spp-210-K1-3-3-6,9eff6264-e9cf-4b86-9613-c231424a5bf9.jpg,False,0.0
Spp-210-K1-3-3-6,9eff6264-e9cf-4b86-9613-c231424a5bf9.jpg,False,0.0
Spp-210-K1-3-3-6,934ae924-ab10-4ae3-9c8c-52904f007bae.jpg,False,0.0
Spp-210-K1-3-3-6,90ababb8-5032-4cd8-9f12-c7f5ac47ea90.jpg,False,0.01153492078071216
Spp-210-K1-3-3-6,87fe69c0-5a92-4ed0-a146-50ad877e9ca2.jpg,False,0.0
Spp-210-K1-3-3-6,864cb2e4-e07d-4583-a8ea-098f142d4ad9.jpg,False,0.0
Spp-210-K1-3-3-6,8d416318-22a1-4014-9b01-9c3a100eef49.jpg,False,0.0
Spp-210-K1-3-3-6,8ab9fd47-66fe-4c56-9b08-ff530416abcf.jpg,False,0.0
Spp-210-K1-3-3-5,8bb3ca50-10a0-460c-8848-1a7e38e0de4d.jpg,False,0.0
Spp-210-K1-3-3-5,9f8b5752-3edc-4b97-8bae-c6b8bd90764f.jpg,False,0.0
Spp-210-K1-3-3-5,7d6fa2b4-bfc9-4d75-b48e-22b5f4088c8d.jpg,False,0.0
Spp-210-K1-3-3-5,8ebe3c5b-7e78-4230-b82f-6496214a3faa.jpg,False,0.02656418829381664
Spp-210-K1-3-3-5,7aceefc0-a0d3-4113-9bec-ad407ec53bcf.jpg,False,0.0
Spp-210-K1-3-3-5,6ff1671e-e82e-4d90-850d-b099d03e4dda.jpg,True,0.4206603147512524
Spp-210-K1-3-3-5,82fce99c-aa8d-4dd3-9aa3-20ff2f7c7a94.jpg,False,0.0
Spp-210-K1-3-3-5,9bf49ee7-755d-4b55-bf3f-28fa986fb96e.jpg,False,0.0
Spp-210-K1-3-3-5,83a5c64d-c6bb-404e-9d45-75897c189442.jpg,False,0.0
Spp-210-K1-3-3-5,7e02c02f-9edc-4f9a-8dd9-e07d3ec8ba88.jpg,False,0.0
Spp-210-K1-3-3-5,8a0e65ae-390c-44ba-9557-cb23b5905571.jpg,False,0.0
Spp-210-K1-3-3-5,9e6d041b-b5ef-4910-b669-05b61f01fef8.jpg,False,0.0
Spp-210-K1-3-3-5,70da7073-d751-45f8-90e4-22118f6540db.jpg,False,0.0
Spp-210-K1-3-3-5,79d5f5e7-7360-4c17-9367-0a9216319b67.jpg,False,0.0
Spp-210-K1-3-3-5,7caac36d-2647-4e6a-9899-acc05a4ca7c8.jpg,True,0.4098005953958657
Spp-210-K1-3-3-5,7ecc48f7-f1a7-4ee8-a5c9-13b5d34eee5b.jpg,False,0.002351075040899386
Spp-210-K1-3-3-5,7edb73d3-c8b1-4eef-9f1a-495cc91162f7.jpg,False,0.0
Spp-210-K1-3-3-5,9ef701df-c2b6-4380-aba6-8e6b3f1d71ab.jpg,False,0.0
Spp-210-K1-3-3-5,9a4a47c0-4bdb-4f3f-ac74-17e4869b5f11.jpg,True,0.4060862386658258
Spp-210-K1-3-3-5,70f5464d-e3d9-4ecd-9575-850aa20f76df.jpg,False,0.0
Spp-210-K1-3-3-5,74a098f0-edab-4c51-938d-4018fd592e67.jpg,False,0.06678715552332597
Spp-210-K1-3-3-5,8eb9bd49-026c-4810-8738-f523a10fc5de.jpg,False,0.0187309776200536
Spp-210-K1-3-3-5,9e8413ab-4804-4bcb-92b9-e49564ba26ab.jpg,False,0.0
Spp-210-K1-3-3-5,72dac50e-29f7-48c2-9e30-d0b3e54410b0.jpg,True,1.0
Spp-210-K1-3-3-5,6fca0604-5567-4825-9a3c-dc41bd63f091.jpg,False,0.0
Spp-210-K1-3-3-5,84fe92e3-8ab7-400c-b56a-a7792129e66a.jpg,True,0.3900129597132741
Spp-210-K1-3-3-5,7cf0eba3-fbc7-48b2-a307-43431ef7b230.jpg,False,0.0
Spp-210-K1-3-3-5,81fa9569-3887-4ec1-9357-59e11baeb929.jpg,False,0.0
Spp-210-K1-3-3-5,81fa9569-3887-4ec1-9357-59e11baeb929.jpg,True,1.0
Spp-210-K1-3-3-5,7c38a8c3-aba1-45cc-ab16-a0909b0ca6b2.jpg,True,0.5283896209181568
Spp-210-K1-3-3-5,78fab278-7903-4aef-abec-a19a3b9f9250.jpg,False,0.0
Spp-210-K1-3-3-5,78fab278-7903-4aef-abec-a19a3b9f9250.jpg,False,0.0
Spp-210-K1-3-3-5,9bb72ae0-7349-4585-80d5-ac2e16944fd9.jpg,False,0.0
Spp-210-K1-3-3-5,76ca4c2d-48bb-4aad-bf51-7dcafbcd7fef.jpg,False,0.0
Spp-210-K1-3-3-5,8c488c0e-270a-461b-9f0c-513184a5599c.jpg,True,0.48598750236697597
Spp-210-K1-3-3-5,7e57ec40-ff7e-4943-8777-68f6a7a62e32.jpg,False,0.011587730043322378
Spp-210-K1-3-3-5,77ebdf78-f0ce-4a10-aaf4-8a84d2b8158f.jpg,False,0.0
Spp-210-K1-3-3-5,8da7eeef-2bc8-44e9-b22c-d75e90e17de1.jpg,False,0.0
Spp-210-K1-3-3-5,8f0278b0-b9f9-41c8-85a8-84fce5c3453e.jpg,False,0.0
Spp-210-K1-3-3-5,8f0278b0-b9f9-41c8-85a8-84fce5c3453e.jpg,False,0.0
Spp-210-K1-3-3-5,74a83cab-e3e3-40f6-98b4-d32cbbc3a159.jpg,False,0.00306030533122804
Spp-210-K1-3-3-5,80cd23d1-d6fc-4c5b-90cf-8bf88de5060b.jpg,False,0.0
Spp-210-K1-3-3-5,8f981e19-288c-49d1-9726-2cb9dece58f7.jpg,True,0.5592322420329634
Spp-210-K1-3-3-5,7e434874-2e5a-4d3e-bb3e-787206a2ea88.jpg,False,0.0
Spp-210-K1-3-3-5,8d065724-b4a5-4a72-bea7-8d83a3d5719e.jpg,False,0.0
Spp-210-K1-3-3-5,9e5e0840-d5bf-4c99-9084-237e762d85f9.jpg,False,0.0
Spp-210-K1-3-3-5,7dcc5e2b-a439-4bbb-84fa-af3091d926f7.jpg,False,0.0
Spp-210-K1-3-3-5,9d1544b5-c8d4-40d9-a8d6-b37e5df52c3d.jpg,False,0.0
Spp-210-K1-3-3-5,7fc50e6d-7d60-443e-9811-f277b1da9e86.jpg,False,0.0
Spp-210-K1-3-3-5,8cdac496-3420-417c-b683-d4cc6c2914c4.jpg,False,0.0
Spp-210-K1-3-3-5,8d6d8bf0-6061-4346-b4e1-111e26ac5c89.jpg,True,0.16881701595522958
Spp-210-K1-3-3-5,9a79f6e1-730d-475c-aaff-e1cea747a6c2.jpg,False,0.0
Spp-210-K1-3-3-5,8dd38474-7c70-45b1-9724-2357ac757468.jpg,True,0.3420817956720963
Spp-210-K1-3-3-5,79eb463e-841e-4508-8594-a4aa4725d495.jpg,False,0.0
Spp-210-K1-3-3-5,8f244609-8cd6-429a-9906-64618062bbad.jpg,False,1.0683096092270723e-05
Spp-210-K1-3-3-5,80b257d8-f961-4bc8-b4cf-10d401af01b0.jpg,False,0.0
Spp-210-K1-3-3-5,8ffcefee-2573-49dc-9388-27b54c1d07d9.jpg,False,0.0
Spp-210-K1-3-3-5,74a6a4d4-5918-4c5f-8387-85f25aaed4a0.jpg,False,0.0
Spp-210-K1-3-3-5,7daebb89-b7e8-4aa9-88bc-13f9c1000caf.jpg,False,0.0
Spp-210-K1-3-3-5,8b203989-4a07-4c61-86c8-5635cca76d95.jpg,False,0.08354388490739034
Spp-210-K1-3-3-5,8aed3640-c028-4076-99b5-23c4c8d7d0c3.jpg,False,0.0
Spp-210-K1-3-3-5,6fd3e24a-ac36-4060-832e-e34936038cf4.jpg,False,0.01591724135854053
Spp-210-K1-3-3-5,80a09000-fc09-40f8-a185-4da9afecad9e.jpg,False,0.0
Spp-210-K1-3-3-5,7be44cbf-0ec0-4c67-b876-d7393336dbc1.jpg,True,0.45299837180701696
Spp-210-K1-3-3-5,7e476086-ea6e-40bb-b536-850bf8fadf5d.jpg,False,0.0
Spp-210-K1-3-3-5,8b52d3b5-e670-4c6f-bddc-731597f07fea.jpg,False,0.0
Spp-210-K1-3-3-5,7cb3042e-f915-4f9a-b31f-bd96a46d37b0.jpg,False,0.0
Spp-210-K1-3-3-5,9dad5eb1-3055-40f4-a986-c36b138eef2d.jpg,False,0.0
Spp-210-K1-3-3-5,9de6d89d-35a3-4d0c-88a9-d083983a2767.jpg,False,0.0
Spp-210-K1-3-3-5,70fb13c8-18af-43fa-9b8c-c7b09cc8b23d.jpg,True,0.4653042857803715
Spp-210-K1-3-3-5,8be5d0b3-cfda-46ca-bd6a-1e66ea686eb1.jpg,False,0.0
Spp-210-K1-3-3-5,7b375198-ed0f-4750-8dc2-3d4d13cb3ede.jpg,False,0.03862315679625129
Spp-210-K1-3-3-5,82b59889-8079-4848-b971-8802f6c1e70c.jpg,False,0.0
Spp-210-K1-3-3-5,9a7fdade-bdec-47c7-b326-d7474fe6e66a.jpg,False,0.0
Spp-210-K1-3-3-5,8a9c17e6-bf04-43b5-a89d-b986906629a0.jpg,False,0.0
Spp-210-K1-3-3-5,8fef3e3f-975d-463c-a2f1-18786669b54d.jpg,False,0.0
Spp-210-K1-3-3-5,74abcb20-51c8-4276-bfd2-425da15fcb2d.jpg,False,0.0
Spp-210-K1-3-3-5,9cf06c82-1e88-4dde-9d20-76de9291696b.jpg,False,0.0
Spp-210-K1-3-3-5,7a6158ed-d4b9-442a-9eda-b5e914b14922.jpg,False,0.0
Spp-210-K1-3-3-5,7dd215fd-8b00-4351-b415-25c64818a86d.jpg,False,0.0
Spp-210-K1-3-3-5,7f7d1022-e87b-458c-a6e8-efe52994685f.jpg,False,0.0
Spp-210-K1-3-3-5,70cce91e-1486-4fb5-9e5d-43c2cb737e9c.jpg,True,0.9946674721100198
Spp-210-K1-3-3-5,8dbac428-cd7e-4dc5-8dac-73ed7c629503.jpg,False,0.0
Spp-210-K1-3-3-5,9a5ffad8-0379-4d22-9470-ab210d7769eb.jpg,False,0.0
Spp-210-K1-3-3-5,84a988d4-be10-4cc3-bf8c-fd70f972b4be.jpg,False,0.0
Spp-210-K1-3-3-5,9b624e92-a34c-4d47-95f9-dea2d2b8b4a7.jpg,False,0.002214810034208827
Spp-210-K1-3-3-5,9c3e9b63-2dd7-434f-ab68-1b312f4581c6.jpg,False,0.0
Spp-210-K1-3-3-5,70c3f213-0d97-4ede-81ee-723859ab49cc.jpg,False,0.0
Spp-210-K1-3-3-5,7c4f0e6a-3d17-423c-86a6-b680328223e8.jpg,False,0.0
Spp-210-K1-3-3-5,76c47c62-826e-4b80-b45e-6e02d14f817c.jpg,False,0.0
Spp-210-K1-3-3-5,9e231bca-fa99-465c-b177-657c6bf2bcf7.jpg,False,0.0
Spp-210-K1-3-3-5,7fa64dde-7fe9-4bf9-9ea9-fd82f3291eb3.jpg,False,0.0
Spp-210-K1-3-3-5,9fd062f8-b484-4562-9a03-5cc4f62cd74e.jpg,False,0.0
Spp-210-K1-3-3-5,9d72b43f-18d6-4035-b668-75592f71d385.jpg,False,0.0
Spp-210-K1-3-3-5,75fe8e22-52aa-484d-b91f-0074d896a648.jpg,False,0.12298183876657089
Spp-210-K1-3-3-5,75fe8e22-52aa-484d-b91f-0074d896a648.jpg,False,0.0
Spp-210-K1-3-3-5,7e5823c3-211c-4a6a-a2e1-19c4a3b69253.jpg,True,0.44405841460564976
Spp-210-K1-3-3-5,82bf7030-9f28-452f-b0c3-295c317f88c4.jpg,False,0.0
Spp-210-K1-3-3-5,8a1ddf2c-a700-42d3-8272-e6f1a4503486.jpg,False,0.07216741694236592
Spp-210-K1-3-3-5,8a1ddf2c-a700-42d3-8272-e6f1a4503486.jpg,False,0.0
Spp-210-K1-3-3-5,9b7ab5b9-21e1-4351-9ceb-852c91c82154.jpg,False,0.0
Php-nta4-shv016309-k2-1-7,217z1_34.jpg,True,0.9996221018150218
Php-nta4-shv016309-k2-1-7,imagenta34v4_40.jpg,True,0.6003514129899559
Php-nta4-shv016309-k2-1-7,imagenta34v4_43.jpg,True,0.6321562885978435
Php-nta4-shv016309-k2-1-7,217t3_203.jpg,True,1.0
Php-nta4-shv016309-k2-1-7,217t3_164.jpg,False,0.0
Php-nta4-shv016309-k2-1-7,217t3_164.jpg,True,0.8587098886666111
Php-nta4-shv016309-k2-1-7,217t3_164.jpg,True,1.0
Php-nta4-shv016309-k2-1-7,217t3_54.jpg,True,0.15889853846271
Php-nta4-shv016309-k2-1-7,217t3_54.jpg,True,1.0
Php-nta4-shv016309-k2-1-7,imagenta34v4_42.jpg,True,1.0
Php-nta4-shv016309-k2-1-7,imagenta34v4_42.jpg,True,0.596491843802723
Php-nta4-shv016309-k2-1-7,217nzm1_71.jpg,False,0.0
Php-nta4-shv016309-k2-1-7,217t3_35.jpg,True,0.16557247747479753
Php-nta4-shv016309-k2-1-7,217t3_35.jpg,True,1.0
Php-nta4-shv016309-k2-1-7,217t3_35.jpg,True,0.8508228327716785
Php-nta4-shv016309-k2-1-7,imagenta34v4_45.jpg,True,0.7333164693282614
Php-nta4-shv016309-k2-1-7,217t3_188.jpg,True,1.0
Php-nta4-shv016309-k2-1-7,imagewr1.jpg,True,0.4676928147310171
Php-nta4-shv016309-k2-1-7,imagewr1.jpg,False,0.11584639629601517
Php-nta4-shv016309-k2-1-7,217nzm1_65.jpg,False,0.0
Php-nta4-shv016309-k2-1-7,217t3_106.jpg,True,0.2358722158154939
Php-nta4-shv016309-k2-1-7,217t3_165.jpg,False,0.06361831446573651
Php-nta4-shv016309-k2-1-7,217t3_165.jpg,True,0.8036270908635359
Php-nta4-shv016309-k2-1-7,217t3_33.jpg,True,0.21088522002740437
Php-nta4-shv016309-k2-1-7,217t3_33.jpg,True,1.0
Php-nta4-shv016309-k2-1-7,217t3_33.jpg,True,0.7744961383648484
Php-nta4-shv016309-k2-1-7,217t3_32.jpg,True,0.15685724167137127
Php-nta4-shv016309-k2-1-7,217t3_32.jpg,True,1.0
Php-nta4-shv016309-k2-1-7,217t3_32.jpg,True,0.8275995176948788
Php-nta4-shv016309-k2-1-7,217t3_32.jpg,True,1.0
Php-nta4-shv016309-k2-1-7,217t3_150.jpg,True,1.0
Php-nta4-shv016309-k2-1-7,217nzm1_68.jpg,False,0.0
Php-nta4-shv016309-k2-1-7,imagewr2.jpg,True,0.3044843158546852
Php-nta4-shv016309-k2-1-7,217nzm1_67.jpg,False,0.0
Php-nta4-shv016309-k2-1-7,217t3_34.jpg,True,0.16494304155670408
Php-nta4-shv016309-k2-1-7,217t3_34.jpg,True,1.0
Php-nta4-shv016309-k2-1-7,217t3_34.jpg,True,0.7664532866883246
Php-nta4-shv016309-k2-1-7,217z1_39.jpg,True,0.559726701744993
Php-nta4-shv016309-k2-1-7,217t3_60.jpg,False,0.1471749994174765
Php-nta4-shv016309-k2-1-7,217t3_60.jpg,True,0.8586475286442304
Php-nta4-shv016309-k2-1-7,217t3_60.jpg,True,1.0
Php-nta4-shv016309-k2-1-7,217t3_80.jpg,True,0.4070693541870159
Php-nta4-shv016309-k2-1-7,217t3_80.jpg,True,1.0
Php-nta4-shv016309-k2-1-7,217t3_80.jpg,True,0.5814204180282531
Php-nta4-shv016309-k2-1-7,217z2_14.jpg,False,0.06422312677255153
Php-nta4-shv016309-k2-1-7,imagenta34v4_41.jpg,True,0.723152349765157
Php-nta4-shv016309-k2-1-7,imagenta34v4_41.jpg,False,0.0
Php-nta4-shv016309-k2-1-7,217z1_26.jpg,True,1.0
Php-nta4-shv016309-k2-1-7,217z1_2.jpg,True,1.0
Php-nta4-shv016309-k2-1-7,217z1_27.jpg,True,1.0
Php-nta4-shv016309-k2-1-7,217t3_85.jpg,True,1.0
Php-nta4-shv016309-k2-1-7,217t3_85.jpg,True,0.5857773249179757
Php-nta4-shv016309-k2-1-7,217t3_85.jpg,True,1.0
Php-nta4-shv016309-k2-1-7,217t3_184.jpg,True,1.0
Php-nta4-shv016309-k2-1-7,217nzm1_66.jpg,False,0.0
Php-nta4-shv016309-k2-1-7,217t3_132.jpg,True,0.9878431865034848
Php-nta4-shv016309-k2-1-7,217t3_31.jpg,True,0.153155650744906
Php-nta4-shv016309-k2-1-7,217t3_31.jpg,True,1.0
Php-nta4-shv016309-k2-1-7,217t3_31.jpg,True,1.0
Php-nta4-shv016309-k2-1-7,217t3_31.jpg,True,0.8812175939423625
Php-Angc-K3-8,Php-Angc-K3-8_angc4test1848.jpg,False,0.0
Php-Angc-K3-8,Php-Angc-K3-8_angc4test1822.jpg,False,0.0
Php-Angc-K3-8,Php-Angc-K3-8_angc4test2307.jpg,False,0.0
Php-Angc-K3-8,Php-Angc-K3-8_angc4test833.jpg,False,0.0
Php-Angc-K3-8,Php-Angc-K3-8_angc4test279.jpg,False,0.0
Php-Angc-K3-8,Php-Angc-K3-8_angc4test2229.jpg,True,0.39694557950278936
Php-Angc-K3-8,Php-Angc-K3-8_angc4test1291.jpg,False,0.0
Php-Angc-K3-8,Php-Angc-K3-8_angc4test1291.jpg,False,0.1031433782278406
Php-Angc-K3-8,Php-Angc-K3-8_angc4test1185.jpg,False,0.0
Php-Angc-K3-8,Php-Angc-K3-8_angc4test1185.jpg,False,0.10416204528597889
Php-Angc-K3-8,Php-Angc-K3-8_angc4test2055.jpg,False,0.0
Php-Angc-K3-8,Php-Angc-K3-8_angc4test2028.jpg,True,0.18990983713298817
Php-Angc-K3-8,Php-Angc-K3-8_angc4test1199.jpg,False,0.0
Php-Angc-K3-8,Php-Angc-K3-8_angc4test1199.jpg,True,0.16583918472133927
Php-Angc-K3-8,Php-Angc-K3-8_angc4test36.jpg,False,0.0
Php-Angc-K3-8,Php-Angc-K3-8_angc4test46.jpg,False,0.0
Php-Angc-K3-8,Php-Angc-K3-8_angc4test1188.jpg,False,0.0
Php-Angc-K3-8,Php-Angc-K3-8_angc4test406.jpg,False,0.05128866498259122
Php-Angc-K3-8,Php-Angc-K3-8_angc4test552.jpg,False,0.0
Php-Angc-K3-8,Php-Angc-K3-8_angc4test1919.jpg,False,0.0
Php-Angc-K3-8,Php-Angc-K3-8_angc4test289.jpg,False,0.0
Php-Angc-K3-8,Php-Angc-K3-8_angc4test2075.jpg,False,0.0
Php-Angc-K3-8,Php-Angc-K3-8_angc4test211.jpg,False,0.0
Php-Angc-K3-8,Php-Angc-K3-8_angc4test495.jpg,True,0.38588326314492055
Php-Angc-K3-8,Php-Angc-K3-8_angc4test1194.jpg,False,0.0
Php-Angc-K3-8,Php-Angc-K3-8_angc4test1194.jpg,True,0.19330367454255337
Php-Angc-K3-8,Php-Angc-K3-8_angc4test2213.jpg,False,0.0
Php-Angc-K3-8,Php-Angc-K3-8_angc4test970.jpg,False,0.0
Php-Angc-K3-8,Php-Angc-K3-8_angc4test2002.jpg,False,0.0
Php-Angc-K3-8,Php-Angc-K3-8_angc4test1235.jpg,False,0.0
Php-Angc-K3-8,Php-Angc-K3-8_angc4test1345.jpg,False,0.07727946595978781
Php-Angc-K3-8,Php-Angc-K3-8_angc4test1345.jpg,False,0.0
Php-Angc-K3-8,Php-Angc-K3-8_angc4test525.jpg,False,0.0
Php-Angc-K3-8,Php-Angc-K3-8_angc4test2065.jpg,False,0.0
Php-Angc-K3-8,Php-Angc-K3-8_angc4test1959.jpg,False,0.0
Php-Angc-K3-8,Php-Angc-K3-8_angc4test389.jpg,True,0.3491651790450155
Php-Angc-K3-8,Php-Angc-K3-8_angc4test267.jpg,False,0.0
Php-Angc-K3-8,Php-Angc-K3-8_angc4test213.jpg,False,0.0
Php-Angc-K3-8,Php-Angc-K3-8_angc4test923.jpg,False,0.0
Php-Angc-K3-8,Php-Angc-K3-8_angc4test2348.jpg,False,0.0
Php-Angc-K3-8,Php-Angc-K3-8_angc4test963.jpg,False,0.0
Php-Angc-K3-8,Php-Angc-K3-8_angc4test1763.jpg,True,0.19686237111011612
Php-Angc-K3-8,Php-Angc-K3-8_angc4test83.jpg,True,0.30398117134272273
Php-Angc-K3-8,Php-Angc-K3-8_angc4test925.jpg,False,0.0
Php-Angc-K3-8,Php-Angc-K3-8_angc4test47.jpg,False,0.0
Php-Angc-K3-8,Php-Angc-K3-8_angc4test256.jpg,False,0.0
Php-Angc-K3-8,Php-Angc-K3-8_angc4test612.jpg,False,0.03532660843235971
Php-Angc-K3-8,Php-Angc-K3-8_angc4test73.jpg,False,0.0
Php-Angc-K3-8,Php-Angc-K3-8_angc4test1061.jpg,False,0.0
Php-Angc-K3-8,Php-Angc-K3-8_angc4test1922.jpg,False,0.0
Php-Angc-K3-8,Php-Angc-K3-8_angc4test2336.jpg,False,0.0
Php-Angc-K3-8,Php-Angc-K3-8_angc4test2147.jpg,True,0.34703298701496366
Php-Angc-K3-8,Php-Angc-K3-8_angc4test45.jpg,False,0.0
Php-Angc-K3-8,Php-Angc-K3-8_angc4test1300.jpg,True,0.40191729008133104
Php-Angc-K3-8,Php-Angc-K3-8_angc4test72.jpg,False,0.0
Php-Angc-K3-8,Php-Angc-K3-8_angc4test1981.jpg,False,0.024562422805452143
Php-Angc-K3-8,Php-Angc-K3-8_angc4test89.jpg,False,0.0
Php-Angc-K3-8,Php-Angc-K3-8_angc4test906.jpg,False,0.0
Php-Angc-K3-8,Php-Angc-K3-8_angc4test496.jpg,True,0.3545455279347143
Php-Angc-K3-8,Php-Angc-K3-8_angc4test1689.jpg,False,0.0
Php-Angc-K3-8,Php-Angc-K3-8_angc4test1253.jpg,False,0.0
Php-Angc-K3-8,Php-Angc-K3-8_angc4test1342.jpg,False,0.10940667281244937
Php-Angc-K3-8,Php-Angc-K3-8_angc4test740.jpg,False,0.0
Php-Angc-K3-8,Php-Angc-K3-8_angc4test632.jpg,False,0.0
Php-Angc-K3-8,Php-Angc-K3-8_angc4test285.jpg,True,0.4256902825625263
Php-Angc-K3-8,Php-Angc-K3-8_angc4test895.jpg,False,0.04682343448392191
Php-Angc-K3-8,Php-Angc-K3-8_angc4test633.jpg,False,0.0
Php-Angc-K3-8,Php-Angc-K3-8_angc4test1824.jpg,True,0.27103572666643655
Php-Angc-K3-8,Php-Angc-K3-8_angc4test542.jpg,False,0.0
Php-Angc-K3-8,Php-Angc-K3-8_angc4test1183.jpg,False,0.0
Php-Angc-K3-8,Php-Angc-K3-8_angc4test1183.jpg,False,0.12925632485786864
Php-Angc-K3-8,Php-Angc-K3-8_angc4test541.jpg,False,0.0
Php-Angc-K3-8,Php-Angc-K3-8_angc4test834.jpg,False,0.0
Php-Angc-K3-8,Php-Angc-K3-8_angc4test2212.jpg,False,0.0
Php-Angc-K3-8,Php-Angc-K3-8_angc4test807.jpg,False,0.0
Php-Angc-K3-8,Php-Angc-K3-8_angc4test885.jpg,True,0.36391924009142335
Php-Angc-K3-8,Php-Angc-K3-8_angc4test824.jpg,False,0.0
Php-Angc-K3-8,Php-Angc-K3-8_angc4test1184.jpg,False,0.0
Php-Angc-K3-8,Php-Angc-K3-8_angc4test1184.jpg,False,0.13300510189904283
Php-Angc-K3-8,Php-Angc-K3-8_angc4test793.jpg,False,0.0
Php-Angc-K3-8,Php-Angc-K3-8_angc4test1096.jpg,True,0.17225721756008702
Php-Angc-K3-8,Php-Angc-K3-8_angc4test829.jpg,False,0.0
Php-Angc-K3-8,Php-Angc-K3-8_angc4test540.jpg,False,0.0
Php-Angc-K3-8,Php-Angc-K3-8_angc4test2140.jpg,False,0.0
Php-Angc-K3-8,Php-Angc-K3-8_angc4test283.jpg,False,0.0
Php-Angc-K3-8,Php-Angc-K3-8_angc4test2172.jpg,False,0.049648935288217094
Php-Angc-K3-8,Php-Angc-K3-8_angc4test1870.jpg,True,0.37106908869224886
Php-Angc-K3-8,Php-Angc-K3-8_angc4test2218.jpg,False,0.0
Php-Angc-K3-8,Php-Angc-K3-8_angc4test1935.jpg,False,0.0
Php-Angc-K3-8,Php-Angc-K3-8_angc4test2349.jpg,True,0.3694463029775822
Php-Angc-K3-8,Php-Angc-K3-8_angc4test533.jpg,False,0.0
Php-Angc-K3-8,Php-Angc-K3-8_angc4test758.jpg,False,0.0
Php-Angc-K3-8,Php-Angc-K3-8_angc4test539.jpg,False,0.0
Php-Angc-K3-8,Php-Angc-K3-8_angc4test894.jpg,True,0.3692283849049139
Php-Angc-K3-8,Php-Angc-K3-8_angc4test1340.jpg,False,0.13443801539861722
Php-Angc-K3-8,Php-Angc-K3-8_angc4test1288.jpg,False,0.0
Php-Angc-K3-8,Php-Angc-K3-8_angc4test1288.jpg,True,0.15101102125140303
Php-Angc-K3-8,Php-Angc-K3-8_angc4test1230.jpg,False,0.0
Php-Angc-K3-8,Php-Angc-K3-8_angc4test1230.jpg,True,0.16861383700528418
Php-Angc-K3-8,Php-Angc-K3-8_angc4test420.jpg,False,0.0
Php-Angc-K3-8,Php-Angc-K3-8_angc4test924.jpg,False,0.0
Php-Angc-K3-8,Php-Angc-K3-8_angc4test20.jpg,False,0.05215003209094862
Php-Angc-K3-8,Php-Angc-K3-8_angc4test204.jpg,False,0.0
Php-Angc-K3-8,Php-Angc-K3-8_angc4test515.jpg,False,0.0
Php-Angc-K3-8,Php-Angc-K3-8_angc4test154.jpg,False,0.0
Php-Angc-K3-8,Php-Angc-K3-8_angc4test222.jpg,False,0.0
Php-Angc-K3-8,Php-Angc-K3-8_angc4test301.jpg,False,0.0
Php-Angc-K3-8,Php-Angc-K3-8_angc4test86.jpg,False,0.0794943401174194
Php-Angc-K3-8,Php-Angc-K3-8_angc4test636.jpg,False,0.0
Php-Angc-K3-8,Php-Angc-K3-8_angc4test1907.jpg,False,0.0
Php-Angc-K3-8,Php-Angc-K3-8_angc4test35.jpg,False,0.0
Php-Angc-K3-8,Php-Angc-K3-8_angc4test2227.jpg,False,0.0
Php-Angc-K3-8,Php-Angc-K3-8_angc4test1983.jpg,False,0.0
Php-Angc-K3-8,Php-Angc-K3-8_angc4test1339.jpg,False,0.09814254092359423
Php-Angc-K3-8,Php-Angc-K3-8_angc4test1339.jpg,False,0.057760728307426616
Php-Angc-K3-8,Php-Angc-K3-8_angc4test266.jpg,False,0.0
Php-Angc-K3-8,Php-Angc-K3-8_angc4test535.jpg,False,0.0
Php-Angc-K3-8,Php-Angc-K3-8_angc4test1852.jpg,False,0.0
Php-Angc-K3-8,Php-Angc-K3-8_angc4test282.jpg,False,0.0
Php-Angc-K3-8,Php-Angc-K3-8_angc4test82.jpg,True,0.2801355560973432
Php-Angc-K3-8,Php-Angc-K3-8_angc4test2169.jpg,False,0.0
Php-Angc-K3-8,Php-Angc-K3-8_angc4test392.jpg,False,0.002683689901054853
Php-Angc-K3-8,Php-Angc-K3-8_angc4test532.jpg,True,0.2557302873850406
Php-Angc-K3-8,Php-Angc-K3-8_angc4test811.jpg,False,0.0
Php-Angc-K3-8,Php-Angc-K3-8_angc4test507.jpg,True,0.3846878373927922
Php-Angc-K3-8,Php-Angc-K3-8_angc4test507.jpg,True,0.4772119816504386
Php-Angc-K3-8,Php-Angc-K3-8_angc4test265.jpg,False,0.0
Php-Angc-K3-8,Php-Angc-K3-8_angc4test2146.jpg,True,0.37718421278987874
Php-Angc-K3-8,Php-Angc-K3-8_angc4test1915.jpg,False,0.0
Php-Angc-K3-8,Php-Angc-K3-8_angc4test921.jpg,False,0.0
Php-Angc-K3-8,Php-Angc-K3-8_angc4test526.jpg,False,0.0
Php-Angc-K3-8,Php-Angc-K3-8_angc4test49.jpg,False,0.0
Php-Angc-K3-8,Php-Angc-K3-8_angc4test2054.jpg,False,0.0
Php-Angc-K3-8,Php-Angc-K3-8_angc4test1956.jpg,False,0.0
Php-Angc-K3-8,Php-Angc-K3-8_angc4test161.jpg,False,0.0
Php-Angc-K3-8,Php-Angc-K3-8_angc4test117.jpg,False,0.0
Php-Angc-K3-8,Php-Angc-K3-8_angc4test2337.jpg,False,0.029006214042436126
Php-Angc-K3-8,Php-Angc-K3-8_angc4test2325.jpg,True,0.3190228945568081
Php-Angc-K3-8,Php-Angc-K3-8_angc4test216.jpg,False,0.0
Php-Angc-K3-8,Php-Angc-K3-8_angc4test136.jpg,False,0.0
Php-Angc-K3-8,Php-Angc-K3-8_angc4test2145.jpg,True,0.2191239032774295
Php-Angc-K3-8,Php-Angc-K3-8_angc4test499.jpg,True,0.40167933863486494
Php-Angc-K3-8,Php-Angc-K3-8_angc4test1200.jpg,True,0.32530454016325355
Php-Angc-K3-8,Php-Angc-K3-8_angc4test1200.jpg,False,0.005384423861782406
Php-Angc-K3-8,Php-Angc-K3-8_angc4test2338.jpg,False,0.0
Php-Angc-K3-8,Php-Angc-K3-8_angc4test264.jpg,False,0.0
Php-Angc-K3-8,Php-Angc-K3-8_angc4test307.jpg,False,0.0
Php-Angc-K3-8,Php-Angc-K3-8_angc4test664.jpg,True,0.3227044498456817
Php-Angc-K3-8,Php-Angc-K3-8_angc4test268.jpg,False,0.0
Php-Angc-K3-8,Php-Angc-K3-8_angc4test835.jpg,False,0.0
Php-Angc-K3-8,Php-Angc-K3-8_angc4test835.jpg,False,0.0
Php-Angc-K3-8,Php-Angc-K3-8_angc4test685.jpg,False,0.0
Php-Angc-K3-8,Php-Angc-K3-8_angc4test1904.jpg,False,0.0
Php-Angc-K3-8,Php-Angc-K3-8_angc4test2087.jpg,False,0.0
Php-Angc-K3-8,Php-Angc-K3-8_angc4test2327.jpg,False,0.0
Php-Angc-K3-8,Php-Angc-K3-8_angc4test160.jpg,False,0.0
Php-Angc-K3-8,Php-Angc-K3-8_angc4test233.jpg,False,0.0017463717460904022
Php-Angc-K3-8,Php-Angc-K3-8_angc4test1941.jpg,False,0.0
Php-Angc-K3-8,Php-Angc-K3-8_angc4test203.jpg,False,0.0
Php-Angc-K3-8,Php-Angc-K3-8_angc4test96.jpg,False,0.0
Pgp-com2-K-1-0-9-36,9888feb6-b4ed-48ba-8c31-6ad1c15f1ca8.jpg,True,1.0
Pgp-com2-K-1-0-9-36,8627164e-9f4a-4719-b600-29c639cf2d3d.jpg,True,0.2862425579627109
Pgp-com2-K-1-0-9-36,24d41f9c-e304-45ea-98c1-ab58e537860e.jpg,True,0.36834508329694693
Pgp-com2-K-1-0-9-36,6ffc3326-5628-48bb-b7f3-f71616c49c3f.jpg,True,1.0
Pgp-com2-K-1-0-9-36,d8db70ef-6fe6-47be-b829-32f42e8db6e8.jpg,True,1.0
Pgp-com2-K-1-0-9-36,d8db70ef-6fe6-47be-b829-32f42e8db6e8.jpg,True,1.0
Pgp-com2-K-1-0-9-36,Pgp-com2-K-1-0-9-36_PU-13_obshchiy_vid_A-B_kol_23_15_03_2021_14_59_39_233_.jpg,True,1.0
Pgp-com2-K-1-0-9-36,3575dc8e-26f1-4ab4-b9ca-e055c01e968d.jpg,True,1.0
Pgp-com2-K-1-0-9-36,526a12a8-c873-4d8c-920e-3aad7ed24162.jpg,True,1.0
Pgp-com2-K-1-0-9-36,6ee2abe9-ca08-4afa-b24b-5714738ca874.jpg,True,1.0
Pgp-com2-K-1-0-9-36,9a0d365e-e38c-4b38-953e-b40f1f42d467.jpg,True,1.0
Pgp-com2-K-1-0-9-36,9b9dd28a-edab-4a06-9623-ca989e85aa78.jpg,True,1.0
Pgp-com2-K-1-0-9-36,9b9dd28a-edab-4a06-9623-ca989e85aa78.jpg,True,1.0
Pgp-com2-K-1-0-9-36,27fc92c0-0080-4a58-bb60-c99dae5540bf.jpg,True,1.0
Pgp-com2-K-1-0-9-36,7dd5de0f-d71b-4a92-8f95-45846a7080eb.jpg,True,1.0
Pgp-com2-K-1-0-9-36,79c26895-e27b-4ad1-98c9-a315e3a28c01.jpg,False,0.08586771393385946
Pgp-com2-K-1-0-9-36,d40a3f8f-df0e-4200-a275-8f56c640f0e0.jpg,True,1.0
Pgp-com2-K-1-0-9-36,d149d718-5cf7-4578-a957-e2ea26a5cc34.jpg,True,0.562496659548171
Pgp-com2-K-1-0-9-36,94b706e1-5cbe-491f-a30b-5604384b0cb5.jpg,True,1.0
Pgp-com2-K-1-0-9-36,f933cf3f-c53f-4b3c-b147-3f2946a84d9a.jpg,True,0.9651634287201227
Pgp-com2-K-1-0-9-36,663b5d82-15f5-45e4-9ad9-339c167b2fb5.jpg,True,1.0
Pgp-com2-K-1-0-9-36,Pgp-com2-K-1-0-9-36_PU-13_obshchiy_vid_A-B_kol_23_07_04_2021_13_14_35_390_.jpg,True,1.0
Pgp-com2-K-1-0-9-36,ab4191cb-e9eb-41f7-9c37-0cff972260bf.jpg,True,0.3792665345028103
Pgp-com2-K-1-0-9-36,17dac5a0-82c1-4bde-8f66-8ca263e28051.jpg,True,1.0
Pgp-com2-K-1-0-9-36,Pgp-com2-K-1-0-9-36_PU-13_obshchiy_vid_A-B_kol_23_03_04_2021_16_12_39_096_.jpg,True,1.0
Pgp-com2-K-1-0-9-36,29d80984-1356-4725-8036-dc5bcc3016fe.jpg,True,1.0
Pgp-com2-K-1-0-9-36,32cd9eb3-a515-4b67-82ba-ef0f1d07f555.jpg,True,1.0
Pgp-com2-K-1-0-9-36,ffa6bc08-3ef4-4fc6-a415-88f49d268a8b.jpg,True,0.5114754836529642
Pgp-com2-K-1-0-9-36,ffa6bc08-3ef4-4fc6-a415-88f49d268a8b.jpg,True,0.28122440746484323
Pgp-com2-K-1-0-9-36,0d7a99f7-bd6f-4ee4-8541-100509e64ea7.jpg,True,1.0
Pgp-com2-K-1-0-9-36,3d5d65f9-7dfd-463e-bca1-4f5cd0ce796d.jpg,True,1.0
Pgp-com2-K-1-0-9-36,6d24be27-7a06-4a02-814d-d739d28bad37.jpg,True,1.0
Pgp-com2-K-1-0-9-36,3e44b160-a332-4b2d-b831-6bc3f99a661e.jpg,True,1.0
Pgp-com2-K-1-0-9-36,3f91df0b-8efd-4f2a-8fb2-cdf6bc71c707.jpg,True,1.0
Pgp-com2-K-1-0-9-36,382a9ec8-be7c-4842-961d-acad5e391edb.jpg,True,0.903260281191987
Pgp-com2-K-1-0-9-36,Pgp-com2-K-1-0-9-36_PU-13_obshchiy_vid_A-B_kol_23_10_03_2021_21_28_46_049_.jpg,True,1.0
Pgp-com2-K-1-0-9-36,a2d896d5-2286-44df-9b04-2a6d40aa3f5f.jpg,True,1.0
Pgp-com2-K-1-0-9-36,Pgp-com2-K-1-0-9-36_PU-13_obshchiy_vid_A-B_kol_23_12_04_2021_12_59_45_344_.jpg,True,1.0
Pgp-com2-K-1-0-9-36,46124284-7877-4400-bb5a-1a302868a0b4.jpg,True,1.0
Pgp-com2-K-1-0-9-36,897ffd65-f43f-4971-ab39-3919f061e633.jpg,True,1.0
Pgp-com2-K-1-0-9-36,897ffd65-f43f-4971-ab39-3919f061e633.jpg,True,1.0
Pgp-com2-K-1-0-9-36,c3d3f897-acc3-434f-9ed5-305571fd6790.jpg,True,0.4757143738813804
Pgp-com2-K-1-0-9-36,1b82031d-1dcd-48e5-b556-2b75f627e433.jpg,True,1.0
Pgp-com2-K-1-0-9-36,aca4f68c-ba66-446a-a4a0-21bd6d83d75d.jpg,True,1.0
Pgp-com2-K-1-0-9-36,b363141a-723b-4526-b0b5-784b0778d9b3.jpg,True,1.0
Pgp-com2-K-1-0-9-36,699f877c-9a6f-4bfe-adcb-2fbbaa7a447b.jpg,True,1.0
Pgp-com2-K-1-0-9-36,ed2a5524-ec4d-4671-a0ca-f5ae95e1df10.jpg,True,1.0
Pgp-com2-K-1-0-9-36,dbb3ec93-fb5b-4a74-8027-28e08c8c8d51.jpg,True,0.9201863108210379
Pgp-com2-K-1-0-9-36,dbb3ec93-fb5b-4a74-8027-28e08c8c8d51.jpg,True,0.30801579669229545
Pgp-com2-K-1-0-9-36,28d527fc-2964-494b-b6da-a68af9665a0d.jpg,True,1.0
Pgp-com2-K-1-0-9-36,ca243304-9be6-461d-8a8e-db5dc7911fae.jpg,True,1.0
Pgp-com2-K-1-0-9-36,08f0c6e3-6bc2-454f-9aa8-38f8807a3086.jpg,True,1.0
Pgp-com2-K-1-0-9-36,f4e56828-3d74-4c7a-becc-3d497e08b739.jpg,True,1.0
Pgp-com2-K-1-0-9-36,c8b10c75-9a02-41b6-9e56-4a4d25171180.jpg,True,1.0
Pgp-com2-K-1-0-9-36,df0ce132-6943-479e-8377-8fa0a7e25185.jpg,True,0.9749689212045827
Pgp-com2-K-1-0-9-36,03be4d15-5028-4608-9262-74d051b68819.jpg,True,0.3912540247595439
Pgp-com2-K-1-0-9-36,Pgp-com2-K-1-0-9-36_PU-13_obshchiy_vid_A-B_kol_23_07_04_2021_22_04_17_474_.jpg,True,1.0
Pgp-com2-K-1-0-9-36,Pgp-com2-K-1-0-9-36_PU-13_obshchiy_vid_A-B_kol_23_07_04_2021_22_04_17_474_.jpg,True,1.0
Pgp-com2-K-1-0-9-36,cfd09687-31a1-43be-91d5-b61a344d0643.jpg,True,0.6266502919658173
Pgp-com2-K-1-0-9-36,cfd09687-31a1-43be-91d5-b61a344d0643.jpg,True,1.0
Pgp-com2-K-1-0-9-36,Pgp-com2-K-1-0-9-36_PU-13_obshchiy_vid_A-B_kol_23_12_04_2021_11_17_57_658_.jpg,True,1.0
Pgp-com2-K-1-0-9-36,dc4474be-6561-4cf1-bcd8-67dedbcea6fb.jpg,True,1.0
Pgp-com2-K-1-0-9-36,1a290c19-a151-4da3-a866-33d7df924fb5.jpg,True,1.0
Pgp-com2-K-1-0-9-36,1cd8f610-c5a2-4a68-8a21-c6527bbae20b.jpg,True,0.6200904444011648
Pgp-com2-K-1-0-9-36,84231a30-382b-4ff5-bee4-451b59ab1a29.jpg,True,1.0
Pgp-com2-K-1-0-9-36,Pgp-com2-K-1-0-9-36_PU-13_obshchiy_vid_A-B_kol_23_05_04_2021_16_41_32_855_.jpg,True,1.0
Pgp-com2-K-1-0-9-36,c16aa019-bfaf-4e6e-8268-33ccc04db79b.jpg,True,1.0
Pgp-com2-K-1-0-9-36,2361fd04-ced4-4e1e-82e6-bf3efaade44f.jpg,True,1.0
Pgp-com2-K-1-0-9-36,Pgp-com2-K-1-0-9-36_PU-13_obshchiy_vid_A-B_kol_23_27_03_2021_16_18_32_906_.jpg,True,1.0
Pgp-com2-K-1-0-9-36,Pgp-com2-K-1-0-9-36_PU-13_obshchiy_vid_A-B_kol_23_26_03_2021_0_37_24_281_.jpg,True,1.0
Pgp-com2-K-1-0-9-36,121f847d-0e9e-41bb-bbbe-6367522dc5cb.jpg,True,0.9842422771748045
Pgp-com2-K-1-0-9-36,Pgp-com2-K-1-0-9-36_PU-13_obshchiy_vid_A-B_kol_23_26_03_2021_8_35_33_494_.jpg,True,1.0
Pgp-com2-K-1-0-9-36,Pgp-com2-K-1-0-9-36_PU-13_obshchiy_vid_A-B_kol_23_26_03_2021_8_35_33_494_.jpg,True,1.0
Pgp-com2-K-1-0-9-36,Pgp-com2-K-1-0-9-36_PU-13_obshchiy_vid_A-B_kol_23_28_03_2021_9_31_40_141_.jpg,True,1.0
Pgp-com2-K-1-0-9-36,0110b1e9-cac0-426c-a286-ef21347edfb8.jpg,True,1.0
Pgp-com2-K-1-0-9-36,b305e58c-0727-414f-9cac-18da20741eaa.jpg,True,0.5916578199429351
Pgp-com2-K-1-0-9-36,Pgp-com2-K-1-0-9-36_PU-13_obshchiy_vid_A-B_kol_23_13_03_2021_1_55_55_193_.jpg,True,1.0
Pgp-com2-K-1-0-9-36,fcea7203-ab1f-4c18-99df-e562019703de.jpg,True,0.983607471676595
Pgp-com2-K-1-0-9-36,ebcff3a8-78c1-46f1-a574-ea59b0703345.jpg,True,0.5207325504503136
Pgp-com2-K-1-0-9-36,14828023-b8bc-4506-9a64-fe64b47eebd9.jpg,True,1.0
Pgp-com2-K-1-0-9-36,Pgp-com2-K-1-0-9-36_PU-13_obshchiy_vid_A-B_kol_23_06_04_2021_9_10_45_569_.jpg,True,1.0
Pgp-com2-K-1-0-9-36,367e281b-0869-4c37-b880-a4560ce6b513.jpg,True,0.49852650220461053
Pgp-com2-K-1-0-9-36,Pgp-com2-K-1-0-9-36_PU-13_obshchiy_vid_A-B_kol_23_13_04_2021_12_22_34_148_.jpg,True,1.0
Pgp-com2-K-1-0-9-36,5cdc02d9-1ade-4087-9cf4-b13a148f9c0a.jpg,True,0.5795763451877336
Pgp-com2-K-1-0-9-36,62eb34f2-3629-4558-9041-20270a957aa0.jpg,True,1.0
Pgp-com2-K-1-0-9-36,147bf9e2-13f9-475f-b4e9-c8d59664dd57.jpg,True,0.6100477831890083
Pgp-com2-K-1-0-9-36,ac578a49-c09d-481b-a468-55269df32bc5.jpg,True,1.0
Pgp-com2-K-1-0-9-36,806f9bc4-033f-4bd8-96a3-4db76ac07679.jpg,True,1.0
Pgp-com2-K-1-0-9-36,5b8db513-d6cf-4e83-893d-ab402eeeef31.jpg,True,1.0
Pgp-com2-K-1-0-9-36,9da1e6de-b064-4bb3-9b7a-31864e0ea905.jpg,True,1.0
Pgp-com2-K-1-0-9-36,a4a347ce-4929-4ca9-879e-db430844fbb2.jpg,True,1.0
Pgp-com2-K-1-0-9-36,a4a347ce-4929-4ca9-879e-db430844fbb2.jpg,True,1.0
Pgp-com2-K-1-0-9-36,b5cf1613-f827-4af2-ac34-b64f88c417a5.jpg,True,1.0
Pgp-com2-K-1-0-9-36,96b50642-292a-41d0-b721-721b15832e87.jpg,True,1.0
Pgp-com2-K-1-0-9-36,96b50642-292a-41d0-b721-721b15832e87.jpg,True,1.0
Pgp-com2-K-1-0-9-36,9204af23-5700-4596-b43a-3a620191d7ee.jpg,True,1.0
Pgp-com2-K-1-0-9-36,17caa854-7c89-4735-91f3-a1b01b3760df.jpg,True,1.0
Pgp-com2-K-1-0-9-36,7a4c1e1c-1fcf-4762-94ee-670babc620b1.jpg,True,1.0
Pgp-com2-K-1-0-9-36,7a4c1e1c-1fcf-4762-94ee-670babc620b1.jpg,True,1.0
Pgp-com2-K-1-0-9-36,703d0817-12c9-4393-aa9e-72816ab36192.jpg,False,0.0
Pgp-com2-K-1-0-9-36,Pgp-com2-K-1-0-9-36_PU-13_obshchiy_vid_A-B_kol_23_16_03_2021_19_06_48_468_.jpg,True,1.0
Pgp-com2-K-1-0-9-36,065b9b28-acfc-4274-93a9-4b59d462d2c3.jpg,True,1.0
Pgp-com2-K-1-0-9-36,7c339248-8bd5-4b6a-beb5-6df194e64a5a.jpg,True,1.0
Pgp-com2-K-1-0-9-36,8d0e3421-dc3f-4114-a11a-d71bf5d1a812.jpg,True,1.0
Pgp-com2-K-1-0-9-36,Pgp-com2-K-1-0-9-36_PU-13_obshchiy_vid_A-B_kol_23_23_03_2021_21_00_26_376_.jpg,True,1.0
Pgp-com2-K-1-0-9-36,81819953-0dc9-419a-b291-2ed099906ede.jpg,True,1.0
Pgp-com2-K-1-0-9-36,40042c69-e8df-4a69-8934-28655fe8cab3.jpg,True,0.37190762176947223
Pgp-com2-K-1-0-9-36,af1c383d-880e-4459-9314-02887516e428.jpg,True,0.9241689615620698
Pgp-com2-K-1-0-9-36,10d8ecef-dbf5-4a73-b8c4-581ff1c292b4.jpg,True,0.4127715987554996
Pgp-com2-K-1-0-9-36,8bec9b17-e359-4055-8e51-da714e859515.jpg,True,1.0
Pgp-com2-K-1-0-9-36,e1cc13e8-87e2-42c2-ac77-d0693061a03a.jpg,True,0.9161548219630873
Pgp-com2-K-1-0-9-36,d53d98df-0f7d-48db-93a9-68f0b4b176c9.jpg,True,0.809294598698737
Pgp-com2-K-1-0-9-36,5c4ab440-5910-4f9d-9b29-d3c3c4aedf01.jpg,True,1.0
Pgp-com2-K-1-0-9-36,9742f187-1a4e-409a-b6c6-22d71b223c37.jpg,True,0.5676666651951109
Pgp-com2-K-1-0-9-36,Pgp-com2-K-1-0-9-36_PU-13_obshchiy_vid_A-B_kol_23_09_04_2021_12_41_04_063_.jpg,True,0.9760628772350409
Pgp-com2-K-1-0-9-36,a9484231-4225-463a-9012-39a7c01e49be.jpg,True,1.0
Pgp-com2-K-1-0-9-36,8a9514ae-210c-4862-9942-e28fa8cc1503.jpg,True,1.0
Pgp-com2-K-1-0-9-36,fcc1dd2b-f33b-48ad-a1f3-26753b316217.jpg,True,1.0
Pgp-com2-K-1-0-9-36,3f3635f7-f0ec-4c36-ae9a-d42aab699991.jpg,True,1.0
Pgp-com2-K-1-0-9-36,5c548722-c616-4433-a1ca-a3b3b7bb78ef.jpg,True,1.0
Pgp-com2-K-1-0-9-36,0cc0698d-914f-4395-8909-e24e54e472f9.jpg,True,1.0
Pgp-com2-K-1-0-9-36,d10d2c8e-9301-4b87-a1cb-3232eef32b99.jpg,True,0.2656005388467305
Pgp-com2-K-1-0-9-36,b46f5605-39aa-4d51-b081-58d210996ced.jpg,True,1.0
Pgp-com2-K-1-0-9-36,591e53f3-ff71-42ad-86cc-07243cf5dd96.jpg,True,0.5348670274326179
Pgp-com2-K-1-0-9-36,591e53f3-ff71-42ad-86cc-07243cf5dd96.jpg,True,0.7570672367464375
Pgp-com2-K-1-0-9-36,30340c9f-8152-428d-94c0-9c39c6657a09.jpg,True,0.3657897703875627
Pgp-com2-K-1-0-9-36,30340c9f-8152-428d-94c0-9c39c6657a09.jpg,True,1.0
Pgp-com2-K-1-0-9-36,93d2d6e4-5d2a-4d30-825a-220d61e0bba1.jpg,True,1.0
Pgp-com2-K-1-0-9-36,86f4d3ff-b6d7-4b06-a676-3907044561f6.jpg,True,1.0
Pgp-com2-K-1-0-9-36,f25ac159-e9d6-4a31-88de-1153a1eda7b8.jpg,True,0.4971736848626271
Pgp-com2-K-1-0-9-36,acb74028-c10d-46fa-aeee-d9e965a8f456.jpg,True,1.0
Pgp-com2-K-1-0-9-36,e3affcec-2930-477f-88d3-c5c76f8b4d33.jpg,True,1.0
Pgp-com2-K-1-0-9-36,aaeb5b85-d5cb-43c3-8628-338eb19dd320.jpg,True,1.0
Pgp-com2-K-1-0-9-36,aaeb5b85-d5cb-43c3-8628-338eb19dd320.jpg,True,0.4098259518643102
Pgp-com2-K-1-0-9-36,acbb8945-27e8-4dc7-a693-e1a510f3c741.jpg,True,0.3622800129710459
Pgp-com2-K-1-0-9-36,db503c87-cad0-4477-ad46-1d7f59e7e3d8.jpg,True,0.6170846621306176
Pgp-com2-K-1-0-9-36,Pgp-com2-K-1-0-9-36_PU-13_obshchiy_vid_A-B_kol_23_25_03_2021_21_20_18_977_.jpg,True,0.34476946702176364
Pgp-com2-K-1-0-9-36,fdb5f9e0-6cd8-4230-9762-a27170392065.jpg,True,1.0
Pgp-com2-K-1-0-9-36,5f201fa1-77ed-4d81-a1a5-b0977681edbf.jpg,True,1.0
Pgp-com2-K-1-0-9-36,2153593f-09d6-4ff1-b470-476ce568b7d3.jpg,True,1.0
Pgp-com2-K-1-0-9-36,387760b0-8617-4944-827b-0e9726950621.jpg,True,1.0
Pgp-com2-K-1-0-9-36,f7b2ee6b-0764-4121-841e-114bbb83bc21.jpg,True,1.0
Pgp-com2-K-1-0-9-36,0e00a598-be59-4261-b0da-bb3fc1dd8720.jpg,True,1.0
Pgp-com2-K-1-0-9-36,8dcaec7d-0def-4459-aee5-f49c888969e2.jpg,True,1.0
Pgp-com2-K-1-0-9-36,7313c8d2-2cdf-42b3-91ad-3ce5acd98df2.jpg,True,1.0
Pgp-com2-K-1-0-9-36,da6da3a9-3965-4035-a81e-6827e1ba2d75.jpg,True,1.0
Pgp-com2-K-1-0-9-36,f4b9a0c1-9e6b-499e-bcfb-b15f70cbb3e8.jpg,True,0.4103736291619365
Pgp-com2-K-1-0-9-36,f4b9a0c1-9e6b-499e-bcfb-b15f70cbb3e8.jpg,True,1.0
Pgp-com2-K-1-0-9-36,2a0feb27-983a-4b97-b22b-f783ec809a61.jpg,True,1.0
Pgp-com2-K-1-0-9-36,e564eb1c-43ae-4293-9c6d-3b92350985c4.jpg,True,1.0
Pgp-com2-K-1-0-9-36,acff1936-4409-4c86-8264-95d75693d7c4.jpg,True,1.0
Pgp-com2-K-1-0-9-36,e19eec95-1cb6-46a1-b31e-beb12d0a66f5.jpg,True,1.0
Pgp-com2-K-1-0-9-36,Pgp-com2-K-1-0-9-36_PU-13_obshchiy_vid_A-B_kol_23_11_03_2021_5_17_03_390_.jpg,True,1.0
Pgp-com2-K-1-0-9-36,8a3c9ef6-e4cc-4e1c-b859-1f7865353df0.jpg,True,1.0
Pgp-com2-K-1-0-9-36,Pgp-com2-K-1-0-9-36_PU-13_obshchiy_vid_A-B_kol_23_11_03_2021_7_47_37_004_.jpg,True,1.0
Pgp-com2-K-1-0-9-36,Pgp-com2-K-1-0-9-36_PU-13_obshchiy_vid_A-B_kol_23_12_03_2021_22_05_36_818_.jpg,True,1.0
Pgp-com2-K-1-0-9-36,aa81f746-ba62-4259-adc2-bbbcb559d0e3.jpg,True,1.0
Pgp-com2-K-1-0-9-36,fd8e5d76-1607-4ca3-a3fa-60239c2bb3b4.jpg,True,1.0
Pgp-com2-K-1-0-9-36,94541a0e-e635-4236-813b-82665f5862c8.jpg,True,1.0
Pgp-com2-K-1-0-9-36,895911fa-8c1a-42d4-8c35-eee404cf678c.jpg,False,0.0
Pgp-com2-K-1-0-9-36,5b91bbc6-3d02-4755-9cf8-f2babd59c842.jpg,True,1.0
Pgp-com2-K-1-0-9-36,d66df37e-2a1f-4db6-8985-7c608a26c825.jpg,True,1.0
Pgp-com2-K-1-0-9-36,dff40e46-8e7c-4f0c-bc57-74578086dd46.jpg,True,1.0
Pgp-com2-K-1-0-9-36,826f5dcd-a63f-4f8a-adf8-6a5d2bc81c54.jpg,True,1.0
Pgp-com2-K-1-0-9-36,71803a0b-a403-41c5-b0b9-62a7db6a57d0.jpg,True,0.9438861672257969
Pgp-com2-K-1-0-9-36,6424444a-8fd6-442e-9955-78deb0283025.jpg,True,1.0
Pgp-com2-K-1-0-9-36,bf04173e-7c9b-4eb0-b9da-3c576ae4550c.jpg,True,1.0
Pgp-com2-K-1-0-9-36,65deb8f7-9c1c-431a-b168-42349445cb6f.jpg,True,1.0
Pgp-com2-K-1-0-9-36,65deb8f7-9c1c-431a-b168-42349445cb6f.jpg,True,0.9580584301469233
Pgp-com2-K-1-0-9-36,a0610cd3-6ff5-41f4-a93a-e62955284052.jpg,True,0.8419688995538682
Pgp-com2-K-1-0-9-36,a0610cd3-6ff5-41f4-a93a-e62955284052.jpg,True,1.0
Pgp-com2-K-1-0-9-36,1f3182b6-771c-485f-b8de-a10fa607bee4.jpg,True,1.0
Pgp-com2-K-1-0-9-36,59080099-0dc2-46a8-975e-f14dea25c133.jpg,True,1.0
Pgp-com2-K-1-0-9-36,3ee9d6e3-6fa4-4fe4-ac1c-fdb385f8e919.jpg,True,1.0
Pgp-com2-K-1-0-9-36,509cbbd9-02cd-42cf-8c8c-020108797c2d.jpg,True,1.0
Pgp-com2-K-1-0-9-36,0a6f1d91-8877-4e51-916f-8aa6282b3e3f.jpg,True,1.0
Pgp-com2-K-1-0-9-36,91393c73-eae8-43af-9276-a7f08150c061.jpg,True,0.613880861135645
Pgp-com2-K-1-0-9-36,4a2187b9-6e28-4b0f-9c20-3080ddc3e60a.jpg,False,0.0
Pgp-com2-K-1-0-9-36,ad39d91b-2fd7-4051-a318-aabcfafbfbf1.jpg,True,1.0
Pgp-com2-K-1-0-9-36,115eb961-32a1-46e4-8455-749a34edb5f3.jpg,True,1.0
Pgp-com2-K-1-0-9-36,94f51c67-9ec3-4c65-94f0-2c2592d3b17b.jpg,True,1.0
Pgp-com2-K-1-0-9-36,6b93f63a-543e-4a7e-aad5-1cada256d39d.jpg,True,0.7464331161124459
Pgp-com2-K-1-0-9-36,ff10a7c1-d765-4243-a8a8-dc7937abe864.jpg,True,1.0
Pgp-com2-K-1-0-9-36,4727766b-a128-40ba-ae57-ba22f0cf13f5.jpg,True,0.4559682513271959
Pgp-com2-K-1-0-9-36,4727766b-a128-40ba-ae57-ba22f0cf13f5.jpg,True,1.0
Spp-K1-1-2-6,c39abe9e-ba3e-42a9-b5d3-ecd1b5a1eb5a.jpg,False,0.0
Spp-K1-1-2-6,d43ee776-e230-41c1-ad09-3c244cc8d5a7.jpg,False,0.028089385194238637
Spp-K1-1-2-6,d43ee776-e230-41c1-ad09-3c244cc8d5a7.jpg,False,0.0
Spp-K1-1-2-6,beccd6f3-42af-4ae6-8f3b-1423d8dda8d5.jpg,False,0.0
Spp-K1-1-2-6,beccd6f3-42af-4ae6-8f3b-1423d8dda8d5.jpg,True,0.3512564274185074
Spp-K1-1-2-6,019d2b54-e7cf-44ff-9d60-fc5356a09e9b.jpg,True,0.2513690969370162
Spp-K1-1-2-6,019d2b54-e7cf-44ff-9d60-fc5356a09e9b.jpg,False,0.0
Spp-K1-1-2-6,019d2b54-e7cf-44ff-9d60-fc5356a09e9b.jpg,False,0.0
Spp-K1-1-2-6,7a30da82-8503-440c-bfe1-b60e981884a7.jpg,False,0.0
Spp-K1-1-2-6,7a30da82-8503-440c-bfe1-b60e981884a7.jpg,False,0.010429538584597749
Spp-K1-1-2-6,c82de978-31c2-4ebb-a3e2-64883f4840f6.jpg,True,0.24437898923090434
Spp-K1-1-2-6,718bbf2f-c1ec-4935-b715-ad4e8a49fc36.jpg,False,0.0
Spp-K1-1-2-6,Spp-K1-1-2-6_Karmany_2_prolet_2021-10-21_16-00-43.524.jpg,True,0.45244516056809303
Spp-K1-1-2-6,Spp-K1-1-2-6_Karmany_2_prolet_2021-10-21_16-00-43.524.jpg,False,0.0
Spp-K1-1-2-6,149fb5b8-891b-48c8-82b7-81290eb9b14c.jpg,False,0.0
Spp-K1-1-2-6,149fb5b8-891b-48c8-82b7-81290eb9b14c.jpg,False,0.0
Spp-K1-1-2-6,Spp-K1-1-2-6_03_11_2021_15_34_03_901_.jpg,True,0.5931644326153395
Spp-K1-1-2-6,a0105834-6edc-4377-b5af-6dfcebbbd127.jpg,False,0.0
Spp-K1-1-2-6,0dc0efc5-1ed8-4146-8f32-023fc1941e3f.jpg,False,0.0
Spp-K1-1-2-6,707e55ab-82ea-4022-84e5-1ed6c003a5e8.jpg,False,0.0
Spp-K1-1-2-6,ca6e0318-6ead-4e45-abd4-8e3f2af26cab.jpg,False,0.0
Spp-K1-1-2-6,Spp-K1-1-2-6_03_11_2021_18_55_55_057_.jpg,False,0.0
Spp-K1-1-2-6,0ddcf8df-e970-400b-a1df-aa164ed760c0.jpg,True,0.2755492296143557
Spp-K1-1-2-6,0ddcf8df-e970-400b-a1df-aa164ed760c0.jpg,False,0.003769054040659171
Spp-K1-1-2-6,59ce52a0-e94b-47b1-84ef-f75ea273164d.jpg,False,0.0
Spp-K1-1-2-6,fd9bfa39-a2b5-4af1-87f3-9957b1b04dff.jpg,False,0.0
Spp-K1-1-2-6,a4928360-791f-403a-8ad6-6485c456b8b2.jpg,False,0.0
Spp-K1-1-2-6,125cdbd1-4f37-4309-937b-c77de3bbd528.jpg,False,0.0
Spp-K1-1-2-6,125cdbd1-4f37-4309-937b-c77de3bbd528.jpg,False,0.0
Spp-K1-1-2-6,0d93aa70-bf04-4d2c-a1d1-c5ce69c2b260.jpg,True,0.28290938171645014
Spp-K1-1-2-6,0d93aa70-bf04-4d2c-a1d1-c5ce69c2b260.jpg,False,0.0
Spp-K1-1-2-6,bd9f12dc-be19-4055-b5aa-d91af0da84a4.jpg,False,0.0
Spp-K1-1-2-6,1ac405a7-f2bf-4d9d-9529-b61c6ff892ff.jpg,False,0.1343659392306222
Spp-K1-1-2-6,b39a8fe3-8e45-41ca-afee-3364f99aced2.jpg,False,0.0
Spp-K1-1-2-6,b39a8fe3-8e45-41ca-afee-3364f99aced2.jpg,True,0.4152517751777658
Spp-K1-1-2-6,aa0ab578-0929-4117-aa25-7ffc1485b7b2.jpg,True,0.18697989987235045
Spp-K1-1-2-6,069a2da3-8008-4777-bccf-31edd987aff0.jpg,False,0.0
Spp-K1-1-2-6,49a972ba-c98b-4bd6-bf4b-de220c258cec.jpg,False,0.0
Spp-K1-1-2-6,c9600f58-caad-4b4c-9714-863394530d42.jpg,False,0.0
Spp-K1-1-2-6,0e5be7ff-be2c-4056-8d43-9f22e51d260d.jpg,True,0.468258629476241
Spp-K1-1-2-6,0d6fce85-2114-44ad-80a1-ac845fbda057.jpg,False,0.0
Spp-K1-1-2-6,b007ecfe-4034-443f-8bd3-6d2ea49f9f64.jpg,False,0.0
Spp-K1-1-2-6,Spp-K1-1-2-6_Karmany_2_prolet_2021-10-20_19-54-48.383.jpg,False,0.0
Spp-K1-1-2-6,71fa344c-d2f1-44f7-bda6-f88e5ba318d6.jpg,False,0.0
Spp-K1-1-2-6,71fa344c-d2f1-44f7-bda6-f88e5ba318d6.jpg,False,0.0
Spp-K1-1-2-6,3fed1b6c-cc55-4a49-8a15-e09f4a8e4b14.jpg,False,0.0
Spp-K1-1-2-6,66af6d30-0fef-48f9-a1fc-868aed1cdc10.jpg,False,0.0
Spp-K1-1-2-6,6d51d3e9-dd64-4b58-bc48-3d0755199362.jpg,True,0.2871404343428178
Spp-K1-1-2-6,6e03eee6-6771-44f9-9bf8-9e0729850871.jpg,False,0.0
Spp-K1-1-2-6,a8f2fb2d-8c98-41a3-97f6-5a76bca11008.jpg,False,0.01568268355030725
Spp-K1-1-2-6,bad60038-b1fe-4cad-a218-75981072edc0.jpg,False,0.0
Spp-K1-1-2-6,0abe4e8a-b9fb-4fbc-89f0-11bae4773e81.jpg,False,0.0
Spp-K1-1-2-6,0c85721e-33db-4b88-84a6-1e25b82e3107.jpg,False,0.0
Spp-K1-1-2-6,0c85721e-33db-4b88-84a6-1e25b82e3107.jpg,False,0.0
Spp-K1-1-2-6,fbd4d86d-c20b-4d83-ab89-75d96a413aad.jpg,False,0.0
Spp-K1-1-2-6,971b1695-5877-4911-989e-764f24a46828.jpg,False,0.0
Spp-K1-1-2-6,95c6ba05-5e8f-4690-b974-20d5d1f45c23.jpg,False,0.0
Spp-K1-1-2-6,Spp-K1-1-2-6_Karmany_2_prolet_2021-10-20_21-24-35.724.jpg,False,0.0
Spp-K1-1-2-6,Spp-K1-1-2-6_Karmany_2_prolet_2021-10-20_21-24-35.724.jpg,False,0.0
Spp-K1-1-2-6,316d7496-f61d-49bf-aa9a-a48548dd633a.jpg,False,0.0
Spp-K1-1-2-6,Spp-K1-1-2-6_03_11_2021_16_07_08_407_.jpg,False,0.0026979114935886507
Spp-K1-1-2-6,Spp-K1-1-2-6_03_11_2021_16_07_08_407_.jpg,True,0.5911308989742851
Spp-K1-1-2-6,0a231be2-24df-47b1-b61c-46989f9a401f.jpg,True,0.41648428314808056
Spp-K1-1-2-6,a83572dd-c296-4818-bd80-56907fe6a3ae.jpg,False,0.0
Spp-K1-1-2-6,796a598c-02f6-4e9c-b1bb-4c16505d667b.jpg,False,0.0
Spp-K1-1-2-6,Spp-K1-1-2-6_03_11_2021_15_55_29_046_.jpg,False,0.0
Spp-K1-1-2-6,0ae0e11d-3dfa-4bb1-8cbc-1645f0222413.jpg,False,0.0037126416836029785
Spp-K1-1-2-6,69f31dcb-2e2e-4df4-a004-dda18eb6cc20.jpg,False,0.0
Spp-K1-1-2-6,0c63eb64-082f-4cfd-bc15-b6d16aa53861.jpg,True,0.1816360279674956
Spp-K1-1-2-6,0c3071dd-56f6-44c9-8ba8-e86e57bce738.jpg,False,0.0
Spp-K1-1-2-6,4e233de9-2cf8-47ed-adfc-c47b317d54ed.jpg,True,0.3363926447416437
Spp-K1-1-2-6,Spp-K1-1-2-6_03_11_2021_20_37_48_261_.jpg,True,0.6226912907200542
Spp-K1-1-2-6,7a457b74-deff-4e8b-8495-a9f4d4bd7b24.jpg,False,0.0
Spp-K1-1-2-6,6dc030dc-78ad-45e6-a716-639f53a15e4b.jpg,False,0.0
Spp-K1-1-2-6,Spp-K1-1-2-6_Karmany_2_prolet_2021-10-21_21-46-59.090.jpg,True,0.3717822841660612
Spp-K1-1-2-6,Spp-K1-1-2-6_Karmany_2_prolet_2021-10-21_21-46-59.090.jpg,False,0.10664622893334058
Spp-K1-1-2-6,0daf3b4e-0b97-4952-9678-e859e5d1ab22.jpg,False,0.009481160444050429
Spp-K1-1-2-6,0daf3b4e-0b97-4952-9678-e859e5d1ab22.jpg,False,0.0
Spp-K1-1-2-6,Spp-K1-1-2-6_03_11_2021_18_38_07_512_.jpg,True,0.28476345141107856
Spp-K1-1-2-6,Spp-K1-1-2-6_03_11_2021_18_38_07_512_.jpg,False,0.0028645951967498097
Spp-K1-1-2-6,492584a0-71fd-4bff-828a-8208da8ff3dc.jpg,False,0.0
Spp-K1-1-2-6,0e8befe3-833a-46eb-8d6b-7a130c052025.jpg,False,0.0
Spp-K1-1-2-6,0e8befe3-833a-46eb-8d6b-7a130c052025.jpg,False,0.0
Spp-K1-1-2-6,0cf016be-f19d-41d3-a8a5-a628c7474443.jpg,False,0.001844068262459062
Spp-K1-1-2-6,0cf016be-f19d-41d3-a8a5-a628c7474443.jpg,True,0.46639169805652303
Spp-K1-1-2-6,8882f808-f5a7-40a9-b0e7-24f8cef1af31.jpg,False,0.0
Spp-K1-1-2-6,26e21a49-d2c8-414f-ad91-851371346d30.jpg,False,0.0
Spp-K1-1-2-6,26e21a49-d2c8-414f-ad91-851371346d30.jpg,False,0.0
Spp-K1-1-2-6,Spp-K1-1-2-6_2021_06_01_04_28_48.jpg,True,0.43460130318539414
Spp-K1-1-2-6,Spp-K1-1-2-6_2021_06_01_04_28_48.jpg,False,0.0
Spp-K1-1-2-6,0e963e63-0332-4f9a-9f5f-6529207889cf.jpg,False,0.0
Spp-K1-1-2-6,0e963e63-0332-4f9a-9f5f-6529207889cf.jpg,False,0.0
Spp-K1-1-2-6,dc9131ab-0a68-437e-911d-50cd29a6da61.jpg,False,0.0
Spp-K1-1-2-6,dc9131ab-0a68-437e-911d-50cd29a6da61.jpg,True,0.6353930853608686
Spp-K1-1-2-6,3888e0ad-a254-4a69-b0ce-a7787a756c4a.jpg,False,0.0
Spp-K1-1-2-6,0c00cd32-41a2-4bb7-baad-d98cee8229d9.jpg,True,0.3002784808480739
Spp-K1-1-2-6,0c00cd32-41a2-4bb7-baad-d98cee8229d9.jpg,False,0.0
Spp-K1-1-2-6,0c00cd32-41a2-4bb7-baad-d98cee8229d9.jpg,False,0.0
Spp-K1-1-2-6,0c00cd32-41a2-4bb7-baad-d98cee8229d9.jpg,False,0.0
Spp-K1-1-2-6,799ff7fa-3be4-4caf-9511-5fbfc5d50834.jpg,False,0.0
Spp-K1-1-2-6,02179f8a-4b6f-49f8-b822-546e6fffcc2f.jpg,False,0.0
Spp-K1-1-2-6,0ae8cc25-403e-4cd6-962d-ca3d63c9a4c2.jpg,False,0.041059204251177414
Spp-K1-1-2-6,0ae8cc25-403e-4cd6-962d-ca3d63c9a4c2.jpg,True,0.4169641002045313
Spp-K1-1-2-6,173a5d16-0401-49a0-b576-c477470696c8.jpg,False,0.0
Spp-K1-1-2-6,Spp-K1-1-2-6_03_11_2021_17_51_42_893_.jpg,False,0.0
Spp-K1-1-2-6,Spp-K1-1-2-6_03_11_2021_17_51_42_893_.jpg,True,0.1611960727149873
Spp-K1-1-2-6,826774bc-7f46-40a1-8f34-eba2a9a0b959.jpg,False,0.0
Spp-K1-1-2-6,d99ab34e-56d9-412d-ba7c-99bd58a36072.jpg,False,0.0
Spp-K1-1-2-6,fc782ab2-d278-42ec-a131-20513c98bc95.jpg,False,0.0
Spp-K1-1-2-6,fc782ab2-d278-42ec-a131-20513c98bc95.jpg,False,0.10344662780092677
Spp-K1-1-2-6,Spp-K1-1-2-6_03_11_2021_21_38_48_574_.jpg,True,0.5485496580866368
Spp-K1-1-2-6,Spp-K1-1-2-6_03_11_2021_17_37_56_306_.jpg,True,0.3005773095252406
Php-Ctm-Shv1-2-K3,imagenta34v4_33.jpg,True,0.5027750858068731
Php-Ctm-Shv1-2-K3,image05.jpg,False,0.0
Php-Ctm-Shv1-2-K3,123nz3_8.jpg,False,0.0
Php-Ctm-Shv1-2-K3,123nz3_7.jpg,False,0.0
Php-Ctm-Shv1-2-K3,123t3_68.jpg,True,1.0
Php-Ctm-Shv1-2-K3,123t3_68.jpg,True,0.6320389522799578
Php-Ctm-Shv1-2-K3,123z1_48.jpg,False,0.0
Php-Ctm-Shv1-2-K3,image06.jpg,False,0.0
Php-Ctm-Shv1-2-K3,123nz3_53.jpg,False,0.0
Php-Ctm-Shv1-2-K3,123z1_11.jpg,False,0.0
Php-Ctm-Shv1-2-K3,imagenta34v4_32.jpg,True,0.8406142542293257
Php-Ctm-Shv1-2-K3,123nz3_41.jpg,False,0.0
Php-Ctm-Shv1-2-K3,123nz3_49.jpg,False,0.0
Php-Ctm-Shv1-2-K3,123z1_49.jpg,False,0.0
Php-Ctm-Shv1-2-K3,123t3_75.jpg,True,0.9536599936998958
Php-Ctm-Shv1-2-K3,123t3_75.jpg,True,1.0
Php-Ctm-Shv1-2-K3,123z1_12.jpg,False,0.0
Php-Ctm-Shv1-2-K3,123z1_24.jpg,False,0.0
Php-Ctm-Shv1-2-K3,123nz3_48.jpg,False,0.0
Php-Ctm-Shv1-2-K3,123z1_57.jpg,False,0.0
Php-Ctm-Shv1-2-K3,123nz3_6.jpg,False,0.0
Php-Ctm-Shv1-2-K3,123z1_20.jpg,False,0.0
Php-Ctm-Shv1-2-K3,123t3_71.jpg,True,0.9049528746978741
Php-Ctm-Shv1-2-K3,123t3_71.jpg,True,1.0
Php-Ctm-Shv1-2-K3,123z1_52.jpg,False,0.0
